尽可能,弄,[MASK],,,,,,,,,,,,,,,,,,,,,
尽可能,弄,清楚,[MASK],,,,,,,,,,,,,,,,,,,,
尽可能,弄,清楚,这个,[MASK],,,,,,,,,,,,,,,,,,,
尽可能,弄,清楚,这个,问题,[MASK],,,,,,,,,,,,,,,,,,
尽可能,弄,清楚,这个,问题,的,[MASK],,,,,,,,,,,,,,,,,
尽可能,弄,清楚,这个,问题,的,原因,[MASK],,,,,,,,,,,,,,,,
尽可能,弄,清楚,这个,问题,的,原因,和,[MASK],,,,,,,,,,,,,,,
尽可能,弄,清楚,这个,问题,的,原因,和,它,[MASK],,,,,,,,,,,,,,
尽可能,弄,清楚,这个,问题,的,原因,和,它,同,[MASK],,,,,,,,,,,,,
尽可能,弄,清楚,这个,问题,的,原因,和,它,同,其他,[MASK],,,,,,,,,,,,
尽可能,弄,清楚,这个,问题,的,原因,和,它,同,其他,问题,[MASK],,,,,,,,,,,
尽可能,弄,清楚,这个,问题,的,原因,和,它,同,其他,问题,错综复杂,[MASK],,,,,,,,,,
尽可能,弄,清楚,这个,问题,的,原因,和,它,同,其他,问题,错综复杂,的,[MASK],,,,,,,,,
在,她们,[MASK],,,,,,,,,,,,,,,,,,,,,
在,她们,的,[MASK],,,,,,,,,,,,,,,,,,,,
在,她们,的,身旁,[MASK],,,,,,,,,,,,,,,,,,,
在,她们,的,身旁,就,[MASK],,,,,,,,,,,,,,,,,,
在,她们,的,身旁,就,是,[MASK],,,,,,,,,,,,,,,,,
在,她们,的,身旁,就,是,纵横交错,[MASK],,,,,,,,,,,,,,,,
在,她们,的,身旁,就,是,纵横交错,的,[MASK],,,,,,,,,,,,,,,
在,她们,的,身旁,就,是,纵横交错,的,交通,[MASK],,,,,,,,,,,,,,
在,她们,的,身旁,就,是,纵横交错,的,交通,要道,[MASK],,,,,,,,,,,,,
在,她们,的,身旁,就,是,纵横交错,的,交通,要道,各种,[MASK],,,,,,,,,,,,
在,她们,的,身旁,就,是,纵横交错,的,交通,要道,各种,车辆,[MASK],,,,,,,,,,,
在,她们,的,身旁,就,是,纵横交错,的,交通,要道,各种,车辆,在,[MASK],,,,,,,,,,
在,她们,的,身旁,就,是,纵横交错,的,交通,要道,各种,车辆,在,浓浓,[MASK],,,,,,,,,
在,她们,的,身旁,就,是,纵横交错,的,交通,要道,各种,车辆,在,浓浓,的,[MASK],,,,,,,,
在,她们,的,身旁,就,是,纵横交错,的,交通,要道,各种,车辆,在,浓浓,的,黑,[MASK],,,,,,,
在,她们,的,身旁,就,是,纵横交错,的,交通,要道,各种,车辆,在,浓浓,的,黑,烟,[MASK],,,,,,
在,她们,的,身旁,就,是,纵横交错,的,交通,要道,各种,车辆,在,浓浓,的,黑,烟,中,[MASK],,,,,
面容,慈祥,[MASK],,,,,,,,,,,,,,,,,,,,,
面容,慈祥,的,[MASK],,,,,,,,,,,,,,,,,,,,
面容,慈祥,的,迪斯尼,[MASK],,,,,,,,,,,,,,,,,,,
面容,慈祥,的,迪斯尼,先生,[MASK],,,,,,,,,,,,,,,,,,
面容,慈祥,的,迪斯尼,先生,正,[MASK],,,,,,,,,,,,,,,,,
面容,慈祥,的,迪斯尼,先生,正,拉,[MASK],,,,,,,,,,,,,,,,
面容,慈祥,的,迪斯尼,先生,正,拉,着,[MASK],,,,,,,,,,,,,,,
面容,慈祥,的,迪斯尼,先生,正,拉,着,可爱,[MASK],,,,,,,,,,,,,,
面容,慈祥,的,迪斯尼,先生,正,拉,着,可爱,的,[MASK],,,,,,,,,,,,,
面容,慈祥,的,迪斯尼,先生,正,拉,着,可爱,的,米老鼠,[MASK],,,,,,,,,,,,
面容,慈祥,的,迪斯尼,先生,正,拉,着,可爱,的,米老鼠,的,[MASK],,,,,,,,,,,
面容,慈祥,的,迪斯尼,先生,正,拉,着,可爱,的,米老鼠,的,小,[MASK],,,,,,,,,,
面容,慈祥,的,迪斯尼,先生,正,拉,着,可爱,的,米老鼠,的,小,手,[MASK],,,,,,,,,
面容,慈祥,的,迪斯尼,先生,正,拉,着,可爱,的,米老鼠,的,小,手,向,[MASK],,,,,,,,
面容,慈祥,的,迪斯尼,先生,正,拉,着,可爱,的,米老鼠,的,小,手,向,朋友,[MASK],,,,,,,
面容,慈祥,的,迪斯尼,先生,正,拉,着,可爱,的,米老鼠,的,小,手,向,朋友,们,[MASK],,,,,,
面容,慈祥,的,迪斯尼,先生,正,拉,着,可爱,的,米老鼠,的,小,手,向,朋友,们,挥手,[MASK],,,,,
有,一个,[MASK],,,,,,,,,,,,,,,,,,,,,
有,一个,破坏力,[MASK],,,,,,,,,,,,,,,,,,,,
有,一个,破坏力,与,[MASK],,,,,,,,,,,,,,,,,,,
有,一个,破坏力,与,落,[MASK],,,,,,,,,,,,,,,,,,
有,一个,破坏力,与,落,在,[MASK],,,,,,,,,,,,,,,,,
有,一个,破坏力,与,落,在,日本,[MASK],,,,,,,,,,,,,,,,
有,一个,破坏力,与,落,在,日本,广岛,[MASK],,,,,,,,,,,,,,,
有,一个,破坏力,与,落,在,日本,广岛,的,[MASK],,,,,,,,,,,,,,
有,一个,破坏力,与,落,在,日本,广岛,的,原子弹,[MASK],,,,,,,,,,,,,
有,一个,破坏力,与,落,在,日本,广岛,的,原子弹,不相上下,[MASK],,,,,,,,,,,,
有,一个,破坏力,与,落,在,日本,广岛,的,原子弹,不相上下,的,[MASK],,,,,,,,,,,
有,一个,破坏力,与,落,在,日本,广岛,的,原子弹,不相上下,的,大,[MASK],,,,,,,,,,
有,一个,破坏力,与,落,在,日本,广岛,的,原子弹,不相上下,的,大,陨星石,[MASK],,,,,,,,,
有,一个,破坏力,与,落,在,日本,广岛,的,原子弹,不相上下,的,大,陨星石,将,[MASK],,,,,,,,
有,一个,破坏力,与,落,在,日本,广岛,的,原子弹,不相上下,的,大,陨星石,将,袭击,[MASK],,,,,,,
有,一个,破坏力,与,落,在,日本,广岛,的,原子弹,不相上下,的,大,陨星石,将,袭击,美国,[MASK],,,,,,
所以,中国,[MASK],,,,,,,,,,,,,,,,,,,,,
所以,中国,才,[MASK],,,,,,,,,,,,,,,,,,,,
所以,中国,才,从未,[MASK],,,,,,,,,,,,,,,,,,,
所以,中国,才,从未,出现,[MASK],,,,,,,,,,,,,,,,,,
所以,中国,才,从未,出现,过,[MASK],,,,,,,,,,,,,,,,,
所以,中国,才,从未,出现,过,可以,[MASK],,,,,,,,,,,,,,,,
所以,中国,才,从未,出现,过,可以,和,[MASK],,,,,,,,,,,,,,,
所以,中国,才,从未,出现,过,可以,和,吉川幸次郎,[MASK],,,,,,,,,,,,,,
所以,中国,才,从未,出现,过,可以,和,吉川幸次郎,媲美,[MASK],,,,,,,,,,,,,
所以,中国,才,从未,出现,过,可以,和,吉川幸次郎,媲美,的,[MASK],,,,,,,,,,,,
所以,中国,才,从未,出现,过,可以,和,吉川幸次郎,媲美,的,日本,[MASK],,,,,,,,,,,
所以,中国,才,从未,出现,过,可以,和,吉川幸次郎,媲美,的,日本,文学,[MASK],,,,,,,,,,
对,一些,[MASK],,,,,,,,,,,,,,,,,,,,,
对,一些,冤假错案,[MASK],,,,,,,,,,,,,,,,,,,,
对,一些,冤假错案,要,[MASK],,,,,,,,,,,,,,,,,,,
对,一些,冤假错案,要,毫不迟疑,[MASK],,,,,,,,,,,,,,,,,,
对,一些,冤假错案,要,毫不迟疑,地,[MASK],,,,,,,,,,,,,,,,,
对,一些,冤假错案,要,毫不迟疑,地,依据,[MASK],,,,,,,,,,,,,,,,
对,一些,冤假错案,要,毫不迟疑,地,依据,法律,[MASK],,,,,,,,,,,,,,,
对,一些,冤假错案,要,毫不迟疑,地,依据,法律,来,[MASK],,,,,,,,,,,,,,
五角大楼,的,[MASK],,,,,,,,,,,,,,,,,,,,,
五角大楼,的,新保守主义者,[MASK],,,,,,,,,,,,,,,,,,,,
五角大楼,的,新保守主义者,想,[MASK],,,,,,,,,,,,,,,,,,,
五角大楼,的,新保守主义者,想,让,[MASK],,,,,,,,,,,,,,,,,,
五角大楼,的,新保守主义者,想,让,民主,[MASK],,,,,,,,,,,,,,,,,
五角大楼,的,新保守主义者,想,让,民主,像,[MASK],,,,,,,,,,,,,,,,
五角大楼,的,新保守主义者,想,让,民主,像,野草,[MASK],,,,,,,,,,,,,,,
五角大楼,的,新保守主义者,想,让,民主,像,野草,一样,[MASK],,,,,,,,,,,,,,
五角大楼,的,新保守主义者,想,让,民主,像,野草,一样,遍地,[MASK],,,,,,,,,,,,,
原则,清晰,[MASK],,,,,,,,,,,,,,,,,,,,,
原则,清晰,地,[MASK],,,,,,,,,,,,,,,,,,,,
原则,清晰,地,印,[MASK],,,,,,,,,,,,,,,,,,,
原则,清晰,地,印,在,[MASK],,,,,,,,,,,,,,,,,,
原则,清晰,地,印,在,他们,[MASK],,,,,,,,,,,,,,,,,
原则,清晰,地,印,在,他们,的,[MASK],,,,,,,,,,,,,,,,
原则,清晰,地,印,在,他们,的,大脑,[MASK],,,,,,,,,,,,,,,
原则,清晰,地,印,在,他们,的,大脑,里,[MASK],,,,,,,,,,,,,,
原则,清晰,地,印,在,他们,的,大脑,里,并,[MASK],,,,,,,,,,,,,
原则,清晰,地,印,在,他们,的,大脑,里,并,使,[MASK],,,,,,,,,,,,
原则,清晰,地,印,在,他们,的,大脑,里,并,使,他们,[MASK],,,,,,,,,,,
原则,清晰,地,印,在,他们,的,大脑,里,并,使,他们,能,[MASK],,,,,,,,,,
原则,清晰,地,印,在,他们,的,大脑,里,并,使,他们,能,游刃有余,[MASK],,,,,,,,,
原则,清晰,地,印,在,他们,的,大脑,里,并,使,他们,能,游刃有余,地,[MASK],,,,,,,,
原则,清晰,地,印,在,他们,的,大脑,里,并,使,他们,能,游刃有余,地,与,[MASK],,,,,,,
原则,清晰,地,印,在,他们,的,大脑,里,并,使,他们,能,游刃有余,地,与,对方,[MASK],,,,,,
原则,清晰,地,印,在,他们,的,大脑,里,并,使,他们,能,游刃有余,地,与,对方,有,[MASK],,,,,
原则,清晰,地,印,在,他们,的,大脑,里,并,使,他们,能,游刃有余,地,与,对方,有,计划,[MASK],,,,
原则,清晰,地,印,在,他们,的,大脑,里,并,使,他们,能,游刃有余,地,与,对方,有,计划,地,[MASK],,,
一个,人,[MASK],,,,,,,,,,,,,,,,,,,,,
一个,人,只有,[MASK],,,,,,,,,,,,,,,,,,,,
一个,人,只有,当,[MASK],,,,,,,,,,,,,,,,,,,
一个,人,只有,当,他,[MASK],,,,,,,,,,,,,,,,,,
一个,人,只有,当,他,专注,[MASK],,,,,,,,,,,,,,,,,
一个,人,只有,当,他,专注,于,[MASK],,,,,,,,,,,,,,,,
一个,人,只有,当,他,专注,于,某,[MASK],,,,,,,,,,,,,,,
一个,人,只有,当,他,专注,于,某,件,[MASK],,,,,,,,,,,,,,
一个,人,只有,当,他,专注,于,某,件,事,[MASK],,,,,,,,,,,,,
一个,人,只有,当,他,专注,于,某,件,事,时,[MASK],,,,,,,,,,,,
一个,人,只有,当,他,专注,于,某,件,事,时,他,[MASK],,,,,,,,,,,
一个,人,只有,当,他,专注,于,某,件,事,时,他,才,[MASK],,,,,,,,,,
一个,人,只有,当,他,专注,于,某,件,事,时,他,才,会,[MASK],,,,,,,,,
一个,人,只有,当,他,专注,于,某,件,事,时,他,才,会,在,[MASK],,,,,,,,
一个,人,只有,当,他,专注,于,某,件,事,时,他,才,会,在,这,[MASK],,,,,,,
一个,人,只有,当,他,专注,于,某,件,事,时,他,才,会,在,这,方面,[MASK],,,,,,
一个,人,只有,当,他,专注,于,某,件,事,时,他,才,会,在,这,方面,取得,[MASK],,,,,
他,不,[MASK],,,,,,,,,,,,,,,,,,,,,
他,不,知道,[MASK],,,,,,,,,,,,,,,,,,,,
他,不,知道,自己,[MASK],,,,,,,,,,,,,,,,,,,
他,不,知道,自己,为,[MASK],,,,,,,,,,,,,,,,,,
他,不,知道,自己,为,什么,[MASK],,,,,,,,,,,,,,,,,
他,不,知道,自己,为,什么,也,[MASK],,,,,,,,,,,,,,,,
他,不,知道,自己,为,什么,也,莫名其妙,[MASK],,,,,,,,,,,,,,,
他,不,知道,自己,为,什么,也,莫名其妙,地,[MASK],,,,,,,,,,,,,,
他,不,知道,自己,为,什么,也,莫名其妙,地,加入,[MASK],,,,,,,,,,,,,
他,不,知道,自己,为,什么,也,莫名其妙,地,加入,这,[MASK],,,,,,,,,,,,
他,不,知道,自己,为,什么,也,莫名其妙,地,加入,这,支,[MASK],,,,,,,,,,,
他,不,知道,自己,为,什么,也,莫名其妙,地,加入,这,支,追逐,[MASK],,,,,,,,,,
他,不,知道,自己,为,什么,也,莫名其妙,地,加入,这,支,追逐,的,[MASK],,,,,,,,,
要,知道,[MASK],,,,,,,,,,,,,,,,,,,,,
要,知道,只有,[MASK],,,,,,,,,,,,,,,,,,,,
要,知道,只有,阶级,[MASK],,,,,,,,,,,,,,,,,,,
要,知道,只有,阶级,敌人,[MASK],,,,,,,,,,,,,,,,,,
要,知道,只有,阶级,敌人,才,[MASK],,,,,,,,,,,,,,,,,
要,知道,只有,阶级,敌人,才,会,[MASK],,,,,,,,,,,,,,,,
要,知道,只有,阶级,敌人,才,会,这样,[MASK],,,,,,,,,,,,,,,
要,知道,只有,阶级,敌人,才,会,这样,无情,[MASK],,,,,,,,,,,,,,
要,知道,只有,阶级,敌人,才,会,这样,无情,地,[MASK],,,,,,,,,,,,,
要,知道,只有,阶级,敌人,才,会,这样,无情,地,污蔑,[MASK],,,,,,,,,,,,
要,知道,只有,阶级,敌人,才,会,这样,无情,地,污蔑,攻击,[MASK],,,,,,,,,,,
要,知道,只有,阶级,敌人,才,会,这样,无情,地,污蔑,攻击,我们,[MASK],,,,,,,,,,
要,知道,只有,阶级,敌人,才,会,这样,无情,地,污蔑,攻击,我们,的,[MASK],,,,,,,,,
要,知道,只有,阶级,敌人,才,会,这样,无情,地,污蔑,攻击,我们,的,干部,[MASK],,,,,,,,
近,两,[MASK],,,,,,,,,,,,,,,,,,,,,
近,两,年,[MASK],,,,,,,,,,,,,,,,,,,,
近,两,年,几乎,[MASK],,,,,,,,,,,,,,,,,,,
近,两,年,几乎,在,[MASK],,,,,,,,,,,,,,,,,,
近,两,年,几乎,在,舞台,[MASK],,,,,,,,,,,,,,,,,
近,两,年,几乎,在,舞台,上,[MASK],,,,,,,,,,,,,,,,
近,两,年,几乎,在,舞台,上,销声匿迹,[MASK],,,,,,,,,,,,,,,
近,两,年,几乎,在,舞台,上,销声匿迹,的,[MASK],,,,,,,,,,,,,,
近,两,年,几乎,在,舞台,上,销声匿迹,的,实力派,[MASK],,,,,,,,,,,,,
近,两,年,几乎,在,舞台,上,销声匿迹,的,实力派,歌手,[MASK],,,,,,,,,,,,
近,两,年,几乎,在,舞台,上,销声匿迹,的,实力派,歌手,张咪,[MASK],,,,,,,,,,,
近,两,年,几乎,在,舞台,上,销声匿迹,的,实力派,歌手,张咪,突然,[MASK],,,,,,,,,,
近,两,年,几乎,在,舞台,上,销声匿迹,的,实力派,歌手,张咪,突然,出现,[MASK],,,,,,,,,
近,两,年,几乎,在,舞台,上,销声匿迹,的,实力派,歌手,张咪,突然,出现,在,[MASK],,,,,,,,
近,两,年,几乎,在,舞台,上,销声匿迹,的,实力派,歌手,张咪,突然,出现,在,首都,[MASK],,,,,,,
实际上,石油,[MASK],,,,,,,,,,,,,,,,,,,,,
实际上,石油,也,[MASK],,,,,,,,,,,,,,,,,,,,
实际上,石油,也,是,[MASK],,,,,,,,,,,,,,,,,,,
实际上,石油,也,是,由,[MASK],,,,,,,,,,,,,,,,,,
实际上,石油,也,是,由,死亡,[MASK],,,,,,,,,,,,,,,,,
实际上,石油,也,是,由,死亡,的,[MASK],,,,,,,,,,,,,,,,
实际上,石油,也,是,由,死亡,的,小,[MASK],,,,,,,,,,,,,,,
实际上,石油,也,是,由,死亡,的,小,生物,[MASK],,,,,,,,,,,,,,
实际上,石油,也,是,由,死亡,的,小,生物,转化,[MASK],,,,,,,,,,,,,
实际上,石油,也,是,由,死亡,的,小,生物,转化,来,[MASK],,,,,,,,,,,,
道德,的,[MASK],,,,,,,,,,,,,,,,,,,,,
道德,的,标准,[MASK],,,,,,,,,,,,,,,,,,,,
道德,的,标准,很,[MASK],,,,,,,,,,,,,,,,,,,
道德,的,标准,很,不,[MASK],,,,,,,,,,,,,,,,,,
道德,的,标准,很,不,一样,[MASK],,,,,,,,,,,,,,,,,
道德,的,标准,很,不,一样,比如,[MASK],,,,,,,,,,,,,,,,
道德,的,标准,很,不,一样,比如,有,[MASK],,,,,,,,,,,,,,,
道德,的,标准,很,不,一样,比如,有,人,[MASK],,,,,,,,,,,,,,
道德,的,标准,很,不,一样,比如,有,人,说,[MASK],,,,,,,,,,,,,
道德,的,标准,很,不,一样,比如,有,人,说,嫌贫爱富,[MASK],,,,,,,,,,,,
道德,的,标准,很,不,一样,比如,有,人,说,嫌贫爱富,的,[MASK],,,,,,,,,,,
道德,的,标准,很,不,一样,比如,有,人,说,嫌贫爱富,的,婚姻,[MASK],,,,,,,,,,
道德,的,标准,很,不,一样,比如,有,人,说,嫌贫爱富,的,婚姻,是,[MASK],,,,,,,,,
道德,的,标准,很,不,一样,比如,有,人,说,嫌贫爱富,的,婚姻,是,不,[MASK],,,,,,,,
道德,的,标准,很,不,一样,比如,有,人,说,嫌贫爱富,的,婚姻,是,不,道德,[MASK],,,,,,,
中国,拥有,[MASK],,,,,,,,,,,,,,,,,,,,,
中国,拥有,巨大,[MASK],,,,,,,,,,,,,,,,,,,,
中国,拥有,巨大,的,[MASK],,,,,,,,,,,,,,,,,,,
中国,拥有,巨大,的,市场,[MASK],,,,,,,,,,,,,,,,,,
中国,拥有,巨大,的,市场,在,[MASK],,,,,,,,,,,,,,,,,
中国,拥有,巨大,的,市场,在,游戏,[MASK],,,,,,,,,,,,,,,,
中国,拥有,巨大,的,市场,在,游戏,产业,[MASK],,,,,,,,,,,,,,,
中国,拥有,巨大,的,市场,在,游戏,产业,中,[MASK],,,,,,,,,,,,,,
中国,拥有,巨大,的,市场,在,游戏,产业,中,无疑,[MASK],,,,,,,,,,,,,
中国,拥有,巨大,的,市场,在,游戏,产业,中,无疑,应当,[MASK],,,,,,,,,,,,
中国,拥有,巨大,的,市场,在,游戏,产业,中,无疑,应当,成为,[MASK],,,,,,,,,,,
中国,拥有,巨大,的,市场,在,游戏,产业,中,无疑,应当,成为,主导,[MASK],,,,,,,,,,
经过,研究,[MASK],,,,,,,,,,,,,,,,,,,,,
经过,研究,他,[MASK],,,,,,,,,,,,,,,,,,,,
经过,研究,他,发现,[MASK],,,,,,,,,,,,,,,,,,,
经过,研究,他,发现,造成,[MASK],,,,,,,,,,,,,,,,,,
经过,研究,他,发现,造成,这,[MASK],,,,,,,,,,,,,,,,,
经过,研究,他,发现,造成,这,种,[MASK],,,,,,,,,,,,,,,,
经过,研究,他,发现,造成,这,种,破坏,[MASK],,,,,,,,,,,,,,,
经过,研究,他,发现,造成,这,种,破坏,的,[MASK],,,,,,,,,,,,,,
经过,研究,他,发现,造成,这,种,破坏,的,罪魁祸首,[MASK],,,,,,,,,,,,,
经过,研究,他,发现,造成,这,种,破坏,的,罪魁祸首,是,[MASK],,,,,,,,,,,,
经过,研究,他,发现,造成,这,种,破坏,的,罪魁祸首,是,水,[MASK],,,,,,,,,,,
经过,研究,他,发现,造成,这,种,破坏,的,罪魁祸首,是,水,中,[MASK],,,,,,,,,,
经过,研究,他,发现,造成,这,种,破坏,的,罪魁祸首,是,水,中,产生,[MASK],,,,,,,,,
经过,研究,他,发现,造成,这,种,破坏,的,罪魁祸首,是,水,中,产生,的,[MASK],,,,,,,,
经过,研究,他,发现,造成,这,种,破坏,的,罪魁祸首,是,水,中,产生,的,一种,[MASK],,,,,,,
天气图,上,[MASK],,,,,,,,,,,,,,,,,,,,,
天气图,上,密密麻麻,[MASK],,,,,,,,,,,,,,,,,,,,
天气图,上,密密麻麻,地,[MASK],,,,,,,,,,,,,,,,,,,
天气图,上,密密麻麻,地,填,[MASK],,,,,,,,,,,,,,,,,,
天气图,上,密密麻麻,地,填,满,[MASK],,,,,,,,,,,,,,,,,
天气图,上,密密麻麻,地,填,满,了,[MASK],,,,,,,,,,,,,,,,
天气图,上,密密麻麻,地,填,满,了,不同,[MASK],,,,,,,,,,,,,,,
天气图,上,密密麻麻,地,填,满,了,不同,的,[MASK],,,,,,,,,,,,,,
天气图,上,密密麻麻,地,填,满,了,不同,的,天气,[MASK],,,,,,,,,,,,,
天气图,上,密密麻麻,地,填,满,了,不同,的,天气,符号,[MASK],,,,,,,,,,,,
天气图,上,密密麻麻,地,填,满,了,不同,的,天气,符号,这些,[MASK],,,,,,,,,,,
天气图,上,密密麻麻,地,填,满,了,不同,的,天气,符号,这些,符号,[MASK],,,,,,,,,,
天气图,上,密密麻麻,地,填,满,了,不同,的,天气,符号,这些,符号,都,[MASK],,,,,,,,,
天气图,上,密密麻麻,地,填,满,了,不同,的,天气,符号,这些,符号,都,是,[MASK],,,,,,,,
天气图,上,密密麻麻,地,填,满,了,不同,的,天气,符号,这些,符号,都,是,有,[MASK],,,,,,,
天气图,上,密密麻麻,地,填,满,了,不同,的,天气,符号,这些,符号,都,是,有,根据,[MASK],,,,,,
即使,是,[MASK],,,,,,,,,,,,,,,,,,,,,
即使,是,这样,[MASK],,,,,,,,,,,,,,,,,,,,
即使,是,这样,我们,[MASK],,,,,,,,,,,,,,,,,,,
即使,是,这样,我们,的,[MASK],,,,,,,,,,,,,,,,,,
即使,是,这样,我们,的,残疾人,[MASK],,,,,,,,,,,,,,,,,
即使,是,这样,我们,的,残疾人,运动员,[MASK],,,,,,,,,,,,,,,,
即使,是,这样,我们,的,残疾人,运动员,还是,[MASK],,,,,,,,,,,,,,,
即使,是,这样,我们,的,残疾人,运动员,还是,无怨无悔,[MASK],,,,,,,,,,,,,,
即使,是,这样,我们,的,残疾人,运动员,还是,无怨无悔,地,[MASK],,,,,,,,,,,,,
即使,是,这样,我们,的,残疾人,运动员,还是,无怨无悔,地,投入,[MASK],,,,,,,,,,,,
即使,是,这样,我们,的,残疾人,运动员,还是,无怨无悔,地,投入,了,[MASK],,,,,,,,,,,
即使,是,这样,我们,的,残疾人,运动员,还是,无怨无悔,地,投入,了,自己,[MASK],,,,,,,,,,
即使,是,这样,我们,的,残疾人,运动员,还是,无怨无悔,地,投入,了,自己,的,[MASK],,,,,,,,,
即使,是,这样,我们,的,残疾人,运动员,还是,无怨无悔,地,投入,了,自己,的,青春,[MASK],,,,,,,,
新兴,的,[MASK],,,,,,,,,,,,,,,,,,,,,
新兴,的,工业,[MASK],,,,,,,,,,,,,,,,,,,,
新兴,的,工业,城市,[MASK],,,,,,,,,,,,,,,,,,,
新兴,的,工业,城市,一开始,[MASK],,,,,,,,,,,,,,,,,,
新兴,的,工业,城市,一开始,就,[MASK],,,,,,,,,,,,,,,,,
新兴,的,工业,城市,一开始,就,具有,[MASK],,,,,,,,,,,,,,,,
新兴,的,工业,城市,一开始,就,具有,与,[MASK],,,,,,,,,,,,,,,
新兴,的,工业,城市,一开始,就,具有,与,西方,[MASK],,,,,,,,,,,,,,
新兴,的,工业,城市,一开始,就,具有,与,西方,不同,[MASK],,,,,,,,,,,,,
新兴,的,工业,城市,一开始,就,具有,与,西方,不同,的,[MASK],,,,,,,,,,,,
新兴,的,工业,城市,一开始,就,具有,与,西方,不同,的,现代,[MASK],,,,,,,,,,,
朋友,们,[MASK],,,,,,,,,,,,,,,,,,,,,
朋友,们,都,[MASK],,,,,,,,,,,,,,,,,,,,
朋友,们,都,纳闷,[MASK],,,,,,,,,,,,,,,,,,,
朋友,们,都,纳闷,我,[MASK],,,,,,,,,,,,,,,,,,
朋友,们,都,纳闷,我,是不是,[MASK],,,,,,,,,,,,,,,,,
朋友,们,都,纳闷,我,是不是,与生俱来,[MASK],,,,,,,,,,,,,,,,
朋友,们,都,纳闷,我,是不是,与生俱来,就,[MASK],,,,,,,,,,,,,,,
朋友,们,都,纳闷,我,是不是,与生俱来,就,长,[MASK],,,,,,,,,,,,,,
朋友,们,都,纳闷,我,是不是,与生俱来,就,长,了,[MASK],,,,,,,,,,,,,
朋友,们,都,纳闷,我,是不是,与生俱来,就,长,了,一个,[MASK],,,,,,,,,,,,
朋友,们,都,纳闷,我,是不是,与生俱来,就,长,了,一个,中国,[MASK],,,,,,,,,,,
爱国,将领,[MASK],,,,,,,,,,,,,,,,,,,,,
爱国,将领,与,[MASK],,,,,,,,,,,,,,,,,,,,
爱国,将领,与,士兵,[MASK],,,,,,,,,,,,,,,,,,,
爱国,将领,与,士兵,勇敢,[MASK],,,,,,,,,,,,,,,,,,
爱国,将领,与,士兵,勇敢,地,[MASK],,,,,,,,,,,,,,,,,
爱国,将领,与,士兵,勇敢,地,为了,[MASK],,,,,,,,,,,,,,,,
爱国,将领,与,士兵,勇敢,地,为了,国家,[MASK],,,,,,,,,,,,,,,
爱国,将领,与,士兵,勇敢,地,为了,国家,和,[MASK],,,,,,,,,,,,,,
爱国,将领,与,士兵,勇敢,地,为了,国家,和,人民,[MASK],,,,,,,,,,,,,
爱国,将领,与,士兵,勇敢,地,为了,国家,和,人民,而,[MASK],,,,,,,,,,,,
爱国,将领,与,士兵,勇敢,地,为了,国家,和,人民,而,坚持,[MASK],,,,,,,,,,,
爱国,将领,与,士兵,勇敢,地,为了,国家,和,人民,而,坚持,抗日,[MASK],,,,,,,,,,
不同,的,[MASK],,,,,,,,,,,,,,,,,,,,,
不同,的,政治,[MASK],,,,,,,,,,,,,,,,,,,,
不同,的,政治,派别,[MASK],,,,,,,,,,,,,,,,,,,
不同,的,政治,派别,似乎,[MASK],,,,,,,,,,,,,,,,,,
不同,的,政治,派别,似乎,是,[MASK],,,,,,,,,,,,,,,,,
不同,的,政治,派别,似乎,是,不约而同,[MASK],,,,,,,,,,,,,,,,
不同,的,政治,派别,似乎,是,不约而同,地,[MASK],,,,,,,,,,,,,,,
不同,的,政治,派别,似乎,是,不约而同,地,提出,[MASK],,,,,,,,,,,,,,
不同,的,政治,派别,似乎,是,不约而同,地,提出,了,[MASK],,,,,,,,,,,,,
不同,的,政治,派别,似乎,是,不约而同,地,提出,了,大体,[MASK],,,,,,,,,,,,
不同,的,政治,派别,似乎,是,不约而同,地,提出,了,大体,相同,[MASK],,,,,,,,,,,
不同,的,政治,派别,似乎,是,不约而同,地,提出,了,大体,相同,的,[MASK],,,,,,,,,,
不同,的,政治,派别,似乎,是,不约而同,地,提出,了,大体,相同,的,口号,[MASK],,,,,,,,,
不同,的,政治,派别,似乎,是,不约而同,地,提出,了,大体,相同,的,口号,这,[MASK],,,,,,,,
不同,的,政治,派别,似乎,是,不约而同,地,提出,了,大体,相同,的,口号,这,不,[MASK],,,,,,,
不同,的,政治,派别,似乎,是,不约而同,地,提出,了,大体,相同,的,口号,这,不,是,[MASK],,,,,,
不同,的,政治,派别,似乎,是,不约而同,地,提出,了,大体,相同,的,口号,这,不,是,偶然,[MASK],,,,,
不同,的,政治,派别,似乎,是,不约而同,地,提出,了,大体,相同,的,口号,这,不,是,偶然,的,[MASK],,,,
台湾,的,[MASK],,,,,,,,,,,,,,,,,,,,,
台湾,的,孩子,[MASK],,,,,,,,,,,,,,,,,,,,
台湾,的,孩子,们,[MASK],,,,,,,,,,,,,,,,,,,
台湾,的,孩子,们,每,[MASK],,,,,,,,,,,,,,,,,,
台湾,的,孩子,们,每,到,[MASK],,,,,,,,,,,,,,,,,
台湾,的,孩子,们,每,到,暑假,[MASK],,,,,,,,,,,,,,,,
台湾,的,孩子,们,每,到,暑假,往往,[MASK],,,,,,,,,,,,,,,
台湾,的,孩子,们,每,到,暑假,往往,被,[MASK],,,,,,,,,,,,,,
台湾,的,孩子,们,每,到,暑假,往往,被,繁多,[MASK],,,,,,,,,,,,,
台湾,的,孩子,们,每,到,暑假,往往,被,繁多,的,[MASK],,,,,,,,,,,,
台湾,的,孩子,们,每,到,暑假,往往,被,繁多,的,补习班,[MASK],,,,,,,,,,,
台湾,的,孩子,们,每,到,暑假,往往,被,繁多,的,补习班,所,[MASK],,,,,,,,,,
冯敬义,很,[MASK],,,,,,,,,,,,,,,,,,,,,
冯敬义,很,希望,[MASK],,,,,,,,,,,,,,,,,,,,
冯敬义,很,希望,这些,[MASK],,,,,,,,,,,,,,,,,,,
冯敬义,很,希望,这些,不请自来,[MASK],,,,,,,,,,,,,,,,,,
冯敬义,很,希望,这些,不请自来,的,[MASK],,,,,,,,,,,,,,,,,
冯敬义,很,希望,这些,不请自来,的,客人,[MASK],,,,,,,,,,,,,,,,
冯敬义,很,希望,这些,不请自来,的,客人,赶快,[MASK],,,,,,,,,,,,,,,
冯敬义,很,希望,这些,不请自来,的,客人,赶快,离开,[MASK],,,,,,,,,,,,,,
冯敬义,很,希望,这些,不请自来,的,客人,赶快,离开,他,[MASK],,,,,,,,,,,,,
冯敬义,很,希望,这些,不请自来,的,客人,赶快,离开,他,的,[MASK],,,,,,,,,,,,
我,曾,[MASK],,,,,,,,,,,,,,,,,,,,,
我,曾,为,[MASK],,,,,,,,,,,,,,,,,,,,
我,曾,为,他们,[MASK],,,,,,,,,,,,,,,,,,,
我,曾,为,他们,的,[MASK],,,,,,,,,,,,,,,,,,
我,曾,为,他们,的,判决,[MASK],,,,,,,,,,,,,,,,,
我,曾,为,他们,的,判决,竟,[MASK],,,,,,,,,,,,,,,,
我,曾,为,他们,的,判决,竟,同,[MASK],,,,,,,,,,,,,,,
我,曾,为,他们,的,判决,竟,同,丘吉尔,[MASK],,,,,,,,,,,,,,
我,曾,为,他们,的,判决,竟,同,丘吉尔,和,[MASK],,,,,,,,,,,,,
我,曾,为,他们,的,判决,竟,同,丘吉尔,和,杜鲁门,[MASK],,,,,,,,,,,,
我,曾,为,他们,的,判决,竟,同,丘吉尔,和,杜鲁门,的,[MASK],,,,,,,,,,,
我,曾,为,他们,的,判决,竟,同,丘吉尔,和,杜鲁门,的,口吻,[MASK],,,,,,,,,,
我,曾,为,他们,的,判决,竟,同,丘吉尔,和,杜鲁门,的,口吻,相同,[MASK],,,,,,,,,
我,曾,为,他们,的,判决,竟,同,丘吉尔,和,杜鲁门,的,口吻,相同,而,[MASK],,,,,,,,
我,曾,为,他们,的,判决,竟,同,丘吉尔,和,杜鲁门,的,口吻,相同,而,大为,[MASK],,,,,,,
因为,他,[MASK],,,,,,,,,,,,,,,,,,,,,
因为,他,本来,[MASK],,,,,,,,,,,,,,,,,,,,
因为,他,本来,就,[MASK],,,,,,,,,,,,,,,,,,,
因为,他,本来,就,很,[MASK],,,,,,,,,,,,,,,,,,
因为,他,本来,就,很,喜欢,[MASK],,,,,,,,,,,,,,,,,
因为,他,本来,就,很,喜欢,这,[MASK],,,,,,,,,,,,,,,,
因为,他,本来,就,很,喜欢,这,种,[MASK],,,,,,,,,,,,,,,
因为,他,本来,就,很,喜欢,这,种,粗俗,[MASK],,,,,,,,,,,,,,
因为,他,本来,就,很,喜欢,这,种,粗俗,的,[MASK],,,,,,,,,,,,,
因为,他,本来,就,很,喜欢,这,种,粗俗,的,诙谐,[MASK],,,,,,,,,,,,
因为,他,本来,就,很,喜欢,这,种,粗俗,的,诙谐,觉得,[MASK],,,,,,,,,,,
因为,他,本来,就,很,喜欢,这,种,粗俗,的,诙谐,觉得,它,[MASK],,,,,,,,,,
因为,他,本来,就,很,喜欢,这,种,粗俗,的,诙谐,觉得,它,只,[MASK],,,,,,,,,
因为,他,本来,就,很,喜欢,这,种,粗俗,的,诙谐,觉得,它,只,不过,[MASK],,,,,,,,
因为,他,本来,就,很,喜欢,这,种,粗俗,的,诙谐,觉得,它,只,不过,是,[MASK],,,,,,,
因为,他,本来,就,很,喜欢,这,种,粗俗,的,诙谐,觉得,它,只,不过,是,无伤大雅,[MASK],,,,,,
因为,他,本来,就,很,喜欢,这,种,粗俗,的,诙谐,觉得,它,只,不过,是,无伤大雅,的,[MASK],,,,,
因为,他,本来,就,很,喜欢,这,种,粗俗,的,诙谐,觉得,它,只,不过,是,无伤大雅,的,玩笑,[MASK],,,,
这,一,[MASK],,,,,,,,,,,,,,,,,,,,,
这,一,古老,[MASK],,,,,,,,,,,,,,,,,,,,
这,一,古老,的,[MASK],,,,,,,,,,,,,,,,,,,
这,一,古老,的,仪典,[MASK],,,,,,,,,,,,,,,,,,
这,一,古老,的,仪典,已经,[MASK],,,,,,,,,,,,,,,,,
这,一,古老,的,仪典,已经,失传,[MASK],,,,,,,,,,,,,,,,
这,一,古老,的,仪典,已经,失传,很,[MASK],,,,,,,,,,,,,,,
这,一,古老,的,仪典,已经,失传,很,多,[MASK],,,,,,,,,,,,,,
这,一,古老,的,仪典,已经,失传,很,多,年,[MASK],,,,,,,,,,,,,
这,一,古老,的,仪典,已经,失传,很,多,年,直到,[MASK],,,,,,,,,,,,
这,一,古老,的,仪典,已经,失传,很,多,年,直到,近,[MASK],,,,,,,,,,,
这,一,古老,的,仪典,已经,失传,很,多,年,直到,近,些,[MASK],,,,,,,,,,
这,一,古老,的,仪典,已经,失传,很,多,年,直到,近,些,年,[MASK],,,,,,,,,
这,一,古老,的,仪典,已经,失传,很,多,年,直到,近,些,年,又,[MASK],,,,,,,,
这,一,古老,的,仪典,已经,失传,很,多,年,直到,近,些,年,又,如,[MASK],,,,,,,
这,一,古老,的,仪典,已经,失传,很,多,年,直到,近,些,年,又,如,雨后春笋,[MASK],,,,,,
这,一,古老,的,仪典,已经,失传,很,多,年,直到,近,些,年,又,如,雨后春笋,般,[MASK],,,,,
这,一,古老,的,仪典,已经,失传,很,多,年,直到,近,些,年,又,如,雨后春笋,般,冒,[MASK],,,,
这,一,古老,的,仪典,已经,失传,很,多,年,直到,近,些,年,又,如,雨后春笋,般,冒,了,[MASK],,,
有,许多,[MASK],,,,,,,,,,,,,,,,,,,,,
有,许多,种,[MASK],,,,,,,,,,,,,,,,,,,,
有,许多,种,声音,[MASK],,,,,,,,,,,,,,,,,,,
有,许多,种,声音,此起彼伏,[MASK],,,,,,,,,,,,,,,,,,
有,许多,种,声音,此起彼伏,地,[MASK],,,,,,,,,,,,,,,,,
有,许多,种,声音,此起彼伏,地,叫,[MASK],,,,,,,,,,,,,,,,
有,许多,种,声音,此起彼伏,地,叫,着,[MASK],,,,,,,,,,,,,,,
有,许多,种,声音,此起彼伏,地,叫,着,喊,[MASK],,,,,,,,,,,,,,
有,许多,种,声音,此起彼伏,地,叫,着,喊,着,[MASK],,,,,,,,,,,,,
有,许多,种,声音,此起彼伏,地,叫,着,喊,着,有,[MASK],,,,,,,,,,,,
有,许多,种,声音,此起彼伏,地,叫,着,喊,着,有,许多,[MASK],,,,,,,,,,,
有,许多,种,声音,此起彼伏,地,叫,着,喊,着,有,许多,只,[MASK],,,,,,,,,,
有,许多,种,声音,此起彼伏,地,叫,着,喊,着,有,许多,只,手,[MASK],,,,,,,,,
有,许多,种,声音,此起彼伏,地,叫,着,喊,着,有,许多,只,手,慌乱无措,[MASK],,,,,,,,
有,许多,种,声音,此起彼伏,地,叫,着,喊,着,有,许多,只,手,慌乱无措,地,[MASK],,,,,,,
有,许多,种,声音,此起彼伏,地,叫,着,喊,着,有,许多,只,手,慌乱无措,地,挡,[MASK],,,,,,
有,许多,种,声音,此起彼伏,地,叫,着,喊,着,有,许多,只,手,慌乱无措,地,挡,着,[MASK],,,,,
有,许多,种,声音,此起彼伏,地,叫,着,喊,着,有,许多,只,手,慌乱无措,地,挡,着,拦,[MASK],,,,
甲状腺,不,[MASK],,,,,,,,,,,,,,,,,,,,,
甲状腺,不,能,[MASK],,,,,,,,,,,,,,,,,,,,
甲状腺,不,能,制造,[MASK],,,,,,,,,,,,,,,,,,,
甲状腺,不,能,制造,出,[MASK],,,,,,,,,,,,,,,,,,
甲状腺,不,能,制造,出,足够,[MASK],,,,,,,,,,,,,,,,,
甲状腺,不,能,制造,出,足够,的,[MASK],,,,,,,,,,,,,,,,
甲状腺,不,能,制造,出,足够,的,甲状腺素,[MASK],,,,,,,,,,,,,,,
甲状腺,不,能,制造,出,足够,的,甲状腺素,满足,[MASK],,,,,,,,,,,,,,
甲状腺,不,能,制造,出,足够,的,甲状腺素,满足,人们,[MASK],,,,,,,,,,,,,
甲状腺,不,能,制造,出,足够,的,甲状腺素,满足,人们,正常,[MASK],,,,,,,,,,,,
甲状腺,不,能,制造,出,足够,的,甲状腺素,满足,人们,正常,生活,[MASK],,,,,,,,,,,
甲状腺,不,能,制造,出,足够,的,甲状腺素,满足,人们,正常,生活,和,[MASK],,,,,,,,,,
甲状腺,不,能,制造,出,足够,的,甲状腺素,满足,人们,正常,生活,和,生长,[MASK],,,,,,,,,
甲状腺,不,能,制造,出,足够,的,甲状腺素,满足,人们,正常,生活,和,生长,发育,[MASK],,,,,,,,
甲状腺,不,能,制造,出,足够,的,甲状腺素,满足,人们,正常,生活,和,生长,发育,的,[MASK],,,,,,,
他,可以,[MASK],,,,,,,,,,,,,,,,,,,,,
他,可以,写,[MASK],,,,,,,,,,,,,,,,,,,,
他,可以,写,一,[MASK],,,,,,,,,,,,,,,,,,,
他,可以,写,一,部,[MASK],,,,,,,,,,,,,,,,,,
他,可以,写,一,部,小说,[MASK],,,,,,,,,,,,,,,,,
他,可以,写,一,部,小说,或,[MASK],,,,,,,,,,,,,,,,
他,可以,写,一,部,小说,或,在,[MASK],,,,,,,,,,,,,,,
他,可以,写,一,部,小说,或,在,一,[MASK],,,,,,,,,,,,,,
他,可以,写,一,部,小说,或,在,一,部,[MASK],,,,,,,,,,,,,
他,可以,写,一,部,小说,或,在,一,部,小说,[MASK],,,,,,,,,,,,
他,可以,写,一,部,小说,或,在,一,部,小说,中,[MASK],,,,,,,,,,,
他,可以,写,一,部,小说,或,在,一,部,小说,中,洋洋洒洒,[MASK],,,,,,,,,,
他,可以,写,一,部,小说,或,在,一,部,小说,中,洋洋洒洒,地,[MASK],,,,,,,,,
他,可以,写,一,部,小说,或,在,一,部,小说,中,洋洋洒洒,地,写,[MASK],,,,,,,,
他,可以,写,一,部,小说,或,在,一,部,小说,中,洋洋洒洒,地,写,一,[MASK],,,,,,,
他,可以,写,一,部,小说,或,在,一,部,小说,中,洋洋洒洒,地,写,一,段,[MASK],,,,,,
他,可以,写,一,部,小说,或,在,一,部,小说,中,洋洋洒洒,地,写,一,段,关于,[MASK],,,,,
他,可以,写,一,部,小说,或,在,一,部,小说,中,洋洋洒洒,地,写,一,段,关于,天气,[MASK],,,,
他,可以,写,一,部,小说,或,在,一,部,小说,中,洋洋洒洒,地,写,一,段,关于,天气,寒冷,[MASK],,,
他,可以,写,一,部,小说,或,在,一,部,小说,中,洋洋洒洒,地,写,一,段,关于,天气,寒冷,的,[MASK],,
她,在,[MASK],,,,,,,,,,,,,,,,,,,,,
她,在,我,[MASK],,,,,,,,,,,,,,,,,,,,
她,在,我,的,[MASK],,,,,,,,,,,,,,,,,,,
她,在,我,的,生活,[MASK],,,,,,,,,,,,,,,,,,
她,在,我,的,生活,中,[MASK],,,,,,,,,,,,,,,,,
她,在,我,的,生活,中,消失,[MASK],,,,,,,,,,,,,,,,
她,在,我,的,生活,中,消失,了,[MASK],,,,,,,,,,,,,,,
她,在,我,的,生活,中,消失,了,这样,[MASK],,,,,,,,,,,,,,
她,在,我,的,生活,中,消失,了,这样,久,[MASK],,,,,,,,,,,,,
她,在,我,的,生活,中,消失,了,这样,久,以后,[MASK],,,,,,,,,,,,
她,在,我,的,生活,中,消失,了,这样,久,以后,现在,[MASK],,,,,,,,,,,
她,在,我,的,生活,中,消失,了,这样,久,以后,现在,重新,[MASK],,,,,,,,,,
她,在,我,的,生活,中,消失,了,这样,久,以后,现在,重新,站,[MASK],,,,,,,,,
她,在,我,的,生活,中,消失,了,这样,久,以后,现在,重新,站,在,[MASK],,,,,,,,
她,在,我,的,生活,中,消失,了,这样,久,以后,现在,重新,站,在,了,[MASK],,,,,,,
她,在,我,的,生活,中,消失,了,这样,久,以后,现在,重新,站,在,了,我,[MASK],,,,,,
她,在,我,的,生活,中,消失,了,这样,久,以后,现在,重新,站,在,了,我,的,[MASK],,,,,
10月,1,[MASK],,,,,,,,,,,,,,,,,,,,,
10月,1,日,[MASK],,,,,,,,,,,,,,,,,,,,
10月,1,日,数千,[MASK],,,,,,,,,,,,,,,,,,,
10月,1,日,数千,名,[MASK],,,,,,,,,,,,,,,,,,
10月,1,日,数千,名,中外,[MASK],,,,,,,,,,,,,,,,,
10月,1,日,数千,名,中外,游客,[MASK],,,,,,,,,,,,,,,,
10月,1,日,数千,名,中外,游客,兴高采烈,[MASK],,,,,,,,,,,,,,,
10月,1,日,数千,名,中外,游客,兴高采烈,地,[MASK],,,,,,,,,,,,,,
10月,1,日,数千,名,中外,游客,兴高采烈,地,观赏,[MASK],,,,,,,,,,,,,
10月,1,日,数千,名,中外,游客,兴高采烈,地,观赏,着,[MASK],,,,,,,,,,,,
经过,长,[MASK],,,,,,,,,,,,,,,,,,,,,
经过,长,时间,[MASK],,,,,,,,,,,,,,,,,,,,
经过,长,时间,的,[MASK],,,,,,,,,,,,,,,,,,,
经过,长,时间,的,谈判,[MASK],,,,,,,,,,,,,,,,,,
经过,长,时间,的,谈判,澳门,[MASK],,,,,,,,,,,,,,,,,
经过,长,时间,的,谈判,澳门,总督,[MASK],,,,,,,,,,,,,,,,
经过,长,时间,的,谈判,澳门,总督,最后,[MASK],,,,,,,,,,,,,,,
经过,长,时间,的,谈判,澳门,总督,最后,终于,[MASK],,,,,,,,,,,,,,
经过,长,时间,的,谈判,澳门,总督,最后,终于,无奈,[MASK],,,,,,,,,,,,,
经过,长,时间,的,谈判,澳门,总督,最后,终于,无奈,地,[MASK],,,,,,,,,,,,
经过,长,时间,的,谈判,澳门,总督,最后,终于,无奈,地,接受,[MASK],,,,,,,,,,,
经过,长,时间,的,谈判,澳门,总督,最后,终于,无奈,地,接受,了,[MASK],,,,,,,,,,
经过,长,时间,的,谈判,澳门,总督,最后,终于,无奈,地,接受,了,工人,[MASK],,,,,,,,,
经过,长,时间,的,谈判,澳门,总督,最后,终于,无奈,地,接受,了,工人,们,[MASK],,,,,,,,
经过,长,时间,的,谈判,澳门,总督,最后,终于,无奈,地,接受,了,工人,们,的,[MASK],,,,,,,
一台台,分体式,[MASK],,,,,,,,,,,,,,,,,,,,,
一台台,分体式,空调器,[MASK],,,,,,,,,,,,,,,,,,,,
一台台,分体式,空调器,随着,[MASK],,,,,,,,,,,,,,,,,,,
一台台,分体式,空调器,随着,升降机,[MASK],,,,,,,,,,,,,,,,,,
一台台,分体式,空调器,随着,升降机,和,[MASK],,,,,,,,,,,,,,,,,
一台台,分体式,空调器,随着,升降机,和,自动,[MASK],,,,,,,,,,,,,,,,
一台台,分体式,空调器,随着,升降机,和,自动,输送带,[MASK],,,,,,,,,,,,,,,
一台台,分体式,空调器,随着,升降机,和,自动,输送带,正在,[MASK],,,,,,,,,,,,,,
一台台,分体式,空调器,随着,升降机,和,自动,输送带,正在,有条不紊,[MASK],,,,,,,,,,,,,
一台台,分体式,空调器,随着,升降机,和,自动,输送带,正在,有条不紊,地,[MASK],,,,,,,,,,,,
一台台,分体式,空调器,随着,升降机,和,自动,输送带,正在,有条不紊,地,被,[MASK],,,,,,,,,,,
一台台,分体式,空调器,随着,升降机,和,自动,输送带,正在,有条不紊,地,被,装上,[MASK],,,,,,,,,,
继,在,[MASK],,,,,,,,,,,,,,,,,,,,,
继,在,半决赛,[MASK],,,,,,,,,,,,,,,,,,,,
继,在,半决赛,中,[MASK],,,,,,,,,,,,,,,,,,,
继,在,半决赛,中,轻松,[MASK],,,,,,,,,,,,,,,,,,
继,在,半决赛,中,轻松,击败,[MASK],,,,,,,,,,,,,,,,,
继,在,半决赛,中,轻松,击败,古巴队,[MASK],,,,,,,,,,,,,,,,
继,在,半决赛,中,轻松,击败,古巴队,后,[MASK],,,,,,,,,,,,,,,
继,在,半决赛,中,轻松,击败,古巴队,后,意大利队,[MASK],,,,,,,,,,,,,,
继,在,半决赛,中,轻松,击败,古巴队,后,意大利队,在,[MASK],,,,,,,,,,,,,
继,在,半决赛,中,轻松,击败,古巴队,后,意大利队,在,决赛,[MASK],,,,,,,,,,,,
继,在,半决赛,中,轻松,击败,古巴队,后,意大利队,在,决赛,中,[MASK],,,,,,,,,,,
继,在,半决赛,中,轻松,击败,古巴队,后,意大利队,在,决赛,中,斗志昂扬,[MASK],,,,,,,,,,
自从,海底,[MASK],,,,,,,,,,,,,,,,,,,,,
自从,海底,下,[MASK],,,,,,,,,,,,,,,,,,,,
自从,海底,下,那个,[MASK],,,,,,,,,,,,,,,,,,,
自从,海底,下,那个,令人,[MASK],,,,,,,,,,,,,,,,,,
自从,海底,下,那个,令人,害怕,[MASK],,,,,,,,,,,,,,,,,
自从,海底,下,那个,令人,害怕,的,[MASK],,,,,,,,,,,,,,,,
自从,海底,下,那个,令人,害怕,的,片刻,[MASK],,,,,,,,,,,,,,,
自从,海底,下,那个,令人,害怕,的,片刻,之后,[MASK],,,,,,,,,,,,,,
自从,海底,下,那个,令人,害怕,的,片刻,之后,他,[MASK],,,,,,,,,,,,,
自从,海底,下,那个,令人,害怕,的,片刻,之后,他,就,[MASK],,,,,,,,,,,,
自从,海底,下,那个,令人,害怕,的,片刻,之后,他,就,不曾,[MASK],,,,,,,,,,,
自从,海底,下,那个,令人,害怕,的,片刻,之后,他,就,不曾,再,[MASK],,,,,,,,,,
自从,海底,下,那个,令人,害怕,的,片刻,之后,他,就,不曾,再,抱,[MASK],,,,,,,,,
自从,海底,下,那个,令人,害怕,的,片刻,之后,他,就,不曾,再,抱,过,[MASK],,,,,,,,
查扣,P,[MASK],,,,,,,,,,,,,,,,,,,,,
查扣,P,万,[MASK],,,,,,,,,,,,,,,,,,,,
查扣,P,万,美元,[MASK],,,,,,,,,,,,,,,,,,,
查扣,P,万,美元,大案,[MASK],,,,,,,,,,,,,,,,,,
查扣,P,万,美元,大案,是,[MASK],,,,,,,,,,,,,,,,,
查扣,P,万,美元,大案,是,大连,[MASK],,,,,,,,,,,,,,,,
查扣,P,万,美元,大案,是,大连,海关,[MASK],,,,,,,,,,,,,,,
查扣,P,万,美元,大案,是,大连,海关,空港,[MASK],,,,,,,,,,,,,,
查扣,P,万,美元,大案,是,大连,海关,空港,至今,[MASK],,,,,,,,,,,,,
查扣,P,万,美元,大案,是,大连,海关,空港,至今,最大,[MASK],,,,,,,,,,,,
查扣,P,万,美元,大案,是,大连,海关,空港,至今,最大,一,[MASK],,,,,,,,,,,
查扣,P,万,美元,大案,是,大连,海关,空港,至今,最大,一,起,[MASK],,,,,,,,,,
查扣,P,万,美元,大案,是,大连,海关,空港,至今,最大,一,起,货币,[MASK],,,,,,,,,
查扣,P,万,美元,大案,是,大连,海关,空港,至今,最大,一,起,货币,走私,[MASK],,,,,,,,
只有,生,[MASK],,,,,,,,,,,,,,,,,,,,,
只有,生,他,[MASK],,,,,,,,,,,,,,,,,,,,
只有,生,他,养,[MASK],,,,,,,,,,,,,,,,,,,
只有,生,他,养,他,[MASK],,,,,,,,,,,,,,,,,,
只有,生,他,养,他,的,[MASK],,,,,,,,,,,,,,,,,
只有,生,他,养,他,的,那,[MASK],,,,,,,,,,,,,,,,
只有,生,他,养,他,的,那,一,[MASK],,,,,,,,,,,,,,,
只有,生,他,养,他,的,那,一,方,[MASK],,,,,,,,,,,,,,
只有,生,他,养,他,的,那,一,方,土地,[MASK],,,,,,,,,,,,,
只有,生,他,养,他,的,那,一,方,土地,和,[MASK],,,,,,,,,,,,
只有,生,他,养,他,的,那,一,方,土地,和,土地,[MASK],,,,,,,,,,,
只有,生,他,养,他,的,那,一,方,土地,和,土地,上,[MASK],,,,,,,,,,
只有,生,他,养,他,的,那,一,方,土地,和,土地,上,土生土长,[MASK],,,,,,,,,
只有,生,他,养,他,的,那,一,方,土地,和,土地,上,土生土长,的,[MASK],,,,,,,,
只有,生,他,养,他,的,那,一,方,土地,和,土地,上,土生土长,的,那,[MASK],,,,,,,
只有,生,他,养,他,的,那,一,方,土地,和,土地,上,土生土长,的,那,一,[MASK],,,,,,
只有,生,他,养,他,的,那,一,方,土地,和,土地,上,土生土长,的,那,一,群,[MASK],,,,,
只有,生,他,养,他,的,那,一,方,土地,和,土地,上,土生土长,的,那,一,群,人,[MASK],,,,
只有,生,他,养,他,的,那,一,方,土地,和,土地,上,土生土长,的,那,一,群,人,才,[MASK],,,
只有,生,他,养,他,的,那,一,方,土地,和,土地,上,土生土长,的,那,一,群,人,才,能,[MASK],,
只有,生,他,养,他,的,那,一,方,土地,和,土地,上,土生土长,的,那,一,群,人,才,能,使,[MASK],
只有,生,他,养,他,的,那,一,方,土地,和,土地,上,土生土长,的,那,一,群,人,才,能,使,他,[MASK]
年逾古稀,但,[MASK],,,,,,,,,,,,,,,,,,,,,
年逾古稀,但,健康,[MASK],,,,,,,,,,,,,,,,,,,,
年逾古稀,但,健康,的,[MASK],,,,,,,,,,,,,,,,,,,
年逾古稀,但,健康,的,他,[MASK],,,,,,,,,,,,,,,,,,
年逾古稀,但,健康,的,他,每日,[MASK],,,,,,,,,,,,,,,,,
年逾古稀,但,健康,的,他,每日,徜徉,[MASK],,,,,,,,,,,,,,,,
年逾古稀,但,健康,的,他,每日,徜徉,在,[MASK],,,,,,,,,,,,,,,
年逾古稀,但,健康,的,他,每日,徜徉,在,由,[MASK],,,,,,,,,,,,,,
年逾古稀,但,健康,的,他,每日,徜徉,在,由,体育,[MASK],,,,,,,,,,,,,
年逾古稀,但,健康,的,他,每日,徜徉,在,由,体育,藏品,[MASK],,,,,,,,,,,,
年逾古稀,但,健康,的,他,每日,徜徉,在,由,体育,藏品,所,[MASK],,,,,,,,,,,
年逾古稀,但,健康,的,他,每日,徜徉,在,由,体育,藏品,所,构成,[MASK],,,,,,,,,,
年逾古稀,但,健康,的,他,每日,徜徉,在,由,体育,藏品,所,构成,的,[MASK],,,,,,,,,
年逾古稀,但,健康,的,他,每日,徜徉,在,由,体育,藏品,所,构成,的,温馨,[MASK],,,,,,,,
年逾古稀,但,健康,的,他,每日,徜徉,在,由,体育,藏品,所,构成,的,温馨,空间,[MASK],,,,,,,
每,个,[MASK],,,,,,,,,,,,,,,,,,,,,
每,个,人,[MASK],,,,,,,,,,,,,,,,,,,,
每,个,人,都,[MASK],,,,,,,,,,,,,,,,,,,
每,个,人,都,想,[MASK],,,,,,,,,,,,,,,,,,
每,个,人,都,想,成为,[MASK],,,,,,,,,,,,,,,,,
每,个,人,都,想,成为,王中王,[MASK],,,,,,,,,,,,,,,,
每,个,人,都,想,成为,王中王,但,[MASK],,,,,,,,,,,,,,,
每,个,人,都,想,成为,王中王,但,你,[MASK],,,,,,,,,,,,,,
每,个,人,都,想,成为,王中王,但,你,不得不,[MASK],,,,,,,,,,,,,
每,个,人,都,想,成为,王中王,但,你,不得不,脚踏实地,[MASK],,,,,,,,,,,,
每,个,人,都,想,成为,王中王,但,你,不得不,脚踏实地,地,[MASK],,,,,,,,,,,
每,个,人,都,想,成为,王中王,但,你,不得不,脚踏实地,地,一,[MASK],,,,,,,,,,
每,个,人,都,想,成为,王中王,但,你,不得不,脚踏实地,地,一,步,[MASK],,,,,,,,,
每,个,人,都,想,成为,王中王,但,你,不得不,脚踏实地,地,一,步,一,[MASK],,,,,,,,
每,个,人,都,想,成为,王中王,但,你,不得不,脚踏实地,地,一,步,一,步,[MASK],,,,,,,
每,个,人,都,想,成为,王中王,但,你,不得不,脚踏实地,地,一,步,一,步,来,[MASK],,,,,,
佛塔、,玉雕,[MASK],,,,,,,,,,,,,,,,,,,,,
佛塔、,玉雕,等,[MASK],,,,,,,,,,,,,,,,,,,,
佛塔、,玉雕,等,文物,[MASK],,,,,,,,,,,,,,,,,,,
佛塔、,玉雕,等,文物,精品,[MASK],,,,,,,,,,,,,,,,,,
佛塔、,玉雕,等,文物,精品,再现,[MASK],,,,,,,,,,,,,,,,,
佛塔、,玉雕,等,文物,精品,再现,了,[MASK],,,,,,,,,,,,,,,,
佛塔、,玉雕,等,文物,精品,再现,了,,[MASK],,,,,,,,,,,,,,,
佛塔、,玉雕,等,文物,精品,再现,了,,世纪,[MASK],,,,,,,,,,,,,,
佛塔、,玉雕,等,文物,精品,再现,了,,世纪,中华,[MASK],,,,,,,,,,,,,
佛塔、,玉雕,等,文物,精品,再现,了,,世纪,中华,文化,[MASK],,,,,,,,,,,,
佛塔、,玉雕,等,文物,精品,再现,了,,世纪,中华,文化,的,[MASK],,,,,,,,,,,
佛塔、,玉雕,等,文物,精品,再现,了,,世纪,中华,文化,的,伟大,[MASK],,,,,,,,,,
佛塔、,玉雕,等,文物,精品,再现,了,,世纪,中华,文化,的,伟大,和,[MASK],,,,,,,,,
全场,希腊,[MASK],,,,,,,,,,,,,,,,,,,,,
全场,希腊,观众,[MASK],,,,,,,,,,,,,,,,,,,,
全场,希腊,观众,为,[MASK],,,,,,,,,,,,,,,,,,,
全场,希腊,观众,为,东道主,[MASK],,,,,,,,,,,,,,,,,,
全场,希腊,观众,为,东道主,选手,[MASK],,,,,,,,,,,,,,,,,
全场,希腊,观众,为,东道主,选手,震耳欲聋,[MASK],,,,,,,,,,,,,,,,
全场,希腊,观众,为,东道主,选手,震耳欲聋,的,[MASK],,,,,,,,,,,,,,,
全场,希腊,观众,为,东道主,选手,震耳欲聋,的,助威,[MASK],,,,,,,,,,,,,,
全场,希腊,观众,为,东道主,选手,震耳欲聋,的,助威,声,[MASK],,,,,,,,,,,,,
全场,希腊,观众,为,东道主,选手,震耳欲聋,的,助威,声,终于,[MASK],,,,,,,,,,,,
全场,希腊,观众,为,东道主,选手,震耳欲聋,的,助威,声,终于,变成,[MASK],,,,,,,,,,,
全场,希腊,观众,为,东道主,选手,震耳欲聋,的,助威,声,终于,变成,热烈,[MASK],,,,,,,,,,
全场,希腊,观众,为,东道主,选手,震耳欲聋,的,助威,声,终于,变成,热烈,的,[MASK],,,,,,,,,
在,财会,[MASK],,,,,,,,,,,,,,,,,,,,,
在,财会,改革,[MASK],,,,,,,,,,,,,,,,,,,,
在,财会,改革,之后,[MASK],,,,,,,,,,,,,,,,,,,
在,财会,改革,之后,进行,[MASK],,,,,,,,,,,,,,,,,,
在,财会,改革,之后,进行,的,[MASK],,,,,,,,,,,,,,,,,
在,财会,改革,之后,进行,的,是,[MASK],,,,,,,,,,,,,,,,
在,财会,改革,之后,进行,的,是,税制,[MASK],,,,,,,,,,,,,,,
在,财会,改革,之后,进行,的,是,税制,改革,[MASK],,,,,,,,,,,,,,
在,财会,改革,之后,进行,的,是,税制,改革,紧锣密鼓,[MASK],,,,,,,,,,,,,
在,财会,改革,之后,进行,的,是,税制,改革,紧锣密鼓,声,[MASK],,,,,,,,,,,,
在,财会,改革,之后,进行,的,是,税制,改革,紧锣密鼓,声,中,[MASK],,,,,,,,,,,
在,财会,改革,之后,进行,的,是,税制,改革,紧锣密鼓,声,中,新,[MASK],,,,,,,,,,
在,财会,改革,之后,进行,的,是,税制,改革,紧锣密鼓,声,中,新,税制,[MASK],,,,,,,,,
在,财会,改革,之后,进行,的,是,税制,改革,紧锣密鼓,声,中,新,税制,逐步,[MASK],,,,,,,,
在,财会,改革,之后,进行,的,是,税制,改革,紧锣密鼓,声,中,新,税制,逐步,替代,[MASK],,,,,,,
在,财会,改革,之后,进行,的,是,税制,改革,紧锣密鼓,声,中,新,税制,逐步,替代,了,[MASK],,,,,,
在,财会,改革,之后,进行,的,是,税制,改革,紧锣密鼓,声,中,新,税制,逐步,替代,了,旧,[MASK],,,,,
刘维佳,是,[MASK],,,,,,,,,,,,,,,,,,,,,
刘维佳,是,去年,[MASK],,,,,,,,,,,,,,,,,,,,
刘维佳,是,去年,10月,[MASK],,,,,,,,,,,,,,,,,,,
刘维佳,是,去年,10月,举行,[MASK],,,,,,,,,,,,,,,,,,
刘维佳,是,去年,10月,举行,的,[MASK],,,,,,,,,,,,,,,,,
刘维佳,是,去年,10月,举行,的,第,[MASK],,,,,,,,,,,,,,,,
刘维佳,是,去年,10月,举行,的,第,五,[MASK],,,,,,,,,,,,,,,
刘维佳,是,去年,10月,举行,的,第,五,届,[MASK],,,,,,,,,,,,,,
刘维佳,是,去年,10月,举行,的,第,五,届,全国,[MASK],,,,,,,,,,,,,
刘维佳,是,去年,10月,举行,的,第,五,届,全国,城市,[MASK],,,,,,,,,,,,
刘维佳,是,去年,10月,举行,的,第,五,届,全国,城市,运动会,[MASK],,,,,,,,,,,
刘维佳,是,去年,10月,举行,的,第,五,届,全国,城市,运动会,中,[MASK],,,,,,,,,,
刘维佳,是,去年,10月,举行,的,第,五,届,全国,城市,运动会,中,脱颖而出,[MASK],,,,,,,,,
刘维佳,是,去年,10月,举行,的,第,五,届,全国,城市,运动会,中,脱颖而出,的,[MASK],,,,,,,,
刘维佳,是,去年,10月,举行,的,第,五,届,全国,城市,运动会,中,脱颖而出,的,年轻,[MASK],,,,,,,
从,国家,[MASK],,,,,,,,,,,,,,,,,,,,,
从,国家,需求,[MASK],,,,,,,,,,,,,,,,,,,,
从,国家,需求,考虑,[MASK],,,,,,,,,,,,,,,,,,,
从,国家,需求,考虑,上海,[MASK],,,,,,,,,,,,,,,,,,
从,国家,需求,考虑,上海,硫酸,[MASK],,,,,,,,,,,,,,,,,
从,国家,需求,考虑,上海,硫酸,厂,[MASK],,,,,,,,,,,,,,,,
从,国家,需求,考虑,上海,硫酸,厂,接下,[MASK],,,,,,,,,,,,,,,
从,国家,需求,考虑,上海,硫酸,厂,接下,了,[MASK],,,,,,,,,,,,,,
从,国家,需求,考虑,上海,硫酸,厂,接下,了,艰巨,[MASK],,,,,,,,,,,,,
从,国家,需求,考虑,上海,硫酸,厂,接下,了,艰巨,的,[MASK],,,,,,,,,,,,
从,国家,需求,考虑,上海,硫酸,厂,接下,了,艰巨,的,生产,[MASK],,,,,,,,,,,
这,山里,[MASK],,,,,,,,,,,,,,,,,,,,,
这,山里,娃子,[MASK],,,,,,,,,,,,,,,,,,,,
这,山里,娃子,交,[MASK],,,,,,,,,,,,,,,,,,,
这,山里,娃子,交,了,[MASK],,,,,,,,,,,,,,,,,,
这,山里,娃子,交,了,桃花运,[MASK],,,,,,,,,,,,,,,,,
这,山里,娃子,交,了,桃花运,竟,[MASK],,,,,,,,,,,,,,,,
这,山里,娃子,交,了,桃花运,竟,有,[MASK],,,,,,,,,,,,,,,
这,山里,娃子,交,了,桃花运,竟,有,一,[MASK],,,,,,,,,,,,,,
这,山里,娃子,交,了,桃花运,竟,有,一,位,[MASK],,,,,,,,,,,,,
这,山里,娃子,交,了,桃花运,竟,有,一,位,中尉,[MASK],,,,,,,,,,,,
这,山里,娃子,交,了,桃花运,竟,有,一,位,中尉,女,[MASK],,,,,,,,,,,
这,山里,娃子,交,了,桃花运,竟,有,一,位,中尉,女,警官,[MASK],,,,,,,,,,
这,山里,娃子,交,了,桃花运,竟,有,一,位,中尉,女,警官,心甘情愿,[MASK],,,,,,,,,
这,山里,娃子,交,了,桃花运,竟,有,一,位,中尉,女,警官,心甘情愿,和,[MASK],,,,,,,,
这,山里,娃子,交,了,桃花运,竟,有,一,位,中尉,女,警官,心甘情愿,和,他,[MASK],,,,,,,
这,山里,娃子,交,了,桃花运,竟,有,一,位,中尉,女,警官,心甘情愿,和,他,结为,[MASK],,,,,,
中国,在,[MASK],,,,,,,,,,,,,,,,,,,,,
中国,在,短短,[MASK],,,,,,,,,,,,,,,,,,,,
中国,在,短短,十几,[MASK],,,,,,,,,,,,,,,,,,,
中国,在,短短,十几,年,[MASK],,,,,,,,,,,,,,,,,,
中国,在,短短,十几,年,中,[MASK],,,,,,,,,,,,,,,,,
中国,在,短短,十几,年,中,取得,[MASK],,,,,,,,,,,,,,,,
中国,在,短短,十几,年,中,取得,了,[MASK],,,,,,,,,,,,,,,
中国,在,短短,十几,年,中,取得,了,让,[MASK],,,,,,,,,,,,,,
中国,在,短短,十几,年,中,取得,了,让,全,[MASK],,,,,,,,,,,,,
中国,在,短短,十几,年,中,取得,了,让,全,世界,[MASK],,,,,,,,,,,,
中国,在,短短,十几,年,中,取得,了,让,全,世界,人,[MASK],,,,,,,,,,,
中国,在,短短,十几,年,中,取得,了,让,全,世界,人,震惊,[MASK],,,,,,,,,,
中国,在,短短,十几,年,中,取得,了,让,全,世界,人,震惊,的,[MASK],,,,,,,,,
中国,在,短短,十几,年,中,取得,了,让,全,世界,人,震惊,的,巨大,[MASK],,,,,,,,
出席,这次,[MASK],,,,,,,,,,,,,,,,,,,,,
出席,这次,会议,[MASK],,,,,,,,,,,,,,,,,,,,
出席,这次,会议,的,[MASK],,,,,,,,,,,,,,,,,,,
出席,这次,会议,的,七国,[MASK],,,,,,,,,,,,,,,,,,
出席,这次,会议,的,七国,领导人,[MASK],,,,,,,,,,,,,,,,,
出席,这次,会议,的,七国,领导人,在,[MASK],,,,,,,,,,,,,,,,
出席,这次,会议,的,七国,领导人,在,开幕式,[MASK],,,,,,,,,,,,,,,
出席,这次,会议,的,七国,领导人,在,开幕式,发言,[MASK],,,,,,,,,,,,,,
出席,这次,会议,的,七国,领导人,在,开幕式,发言,中,[MASK],,,,,,,,,,,,,
出席,这次,会议,的,七国,领导人,在,开幕式,发言,中,都,[MASK],,,,,,,,,,,,
出席,这次,会议,的,七国,领导人,在,开幕式,发言,中,都,不约而同,[MASK],,,,,,,,,,,
出席,这次,会议,的,七国,领导人,在,开幕式,发言,中,都,不约而同,地,[MASK],,,,,,,,,,
出席,这次,会议,的,七国,领导人,在,开幕式,发言,中,都,不约而同,地,发出,[MASK],,,,,,,,,
出席,这次,会议,的,七国,领导人,在,开幕式,发言,中,都,不约而同,地,发出,和平,[MASK],,,,,,,,
出席,这次,会议,的,七国,领导人,在,开幕式,发言,中,都,不约而同,地,发出,和平,的,[MASK],,,,,,,
他,要求,[MASK],,,,,,,,,,,,,,,,,,,,,
他,要求,侨联,[MASK],,,,,,,,,,,,,,,,,,,,
他,要求,侨联,要,[MASK],,,,,,,,,,,,,,,,,,,
他,要求,侨联,要,努力,[MASK],,,,,,,,,,,,,,,,,,
他,要求,侨联,要,努力,保持,[MASK],,,,,,,,,,,,,,,,,
他,要求,侨联,要,努力,保持,长期,[MASK],,,,,,,,,,,,,,,,
他,要求,侨联,要,努力,保持,长期,以来,[MASK],,,,,,,,,,,,,,,
他,要求,侨联,要,努力,保持,长期,以来,形成,[MASK],,,,,,,,,,,,,,
他,要求,侨联,要,努力,保持,长期,以来,形成,的,[MASK],,,,,,,,,,,,,
他,要求,侨联,要,努力,保持,长期,以来,形成,的,优良,[MASK],,,,,,,,,,,,
他,要求,侨联,要,努力,保持,长期,以来,形成,的,优良,传统,[MASK],,,,,,,,,,,
他,要求,侨联,要,努力,保持,长期,以来,形成,的,优良,传统,积极,[MASK],,,,,,,,,,
他,要求,侨联,要,努力,保持,长期,以来,形成,的,优良,传统,积极,为,[MASK],,,,,,,,,
他,要求,侨联,要,努力,保持,长期,以来,形成,的,优良,传统,积极,为,侨界,[MASK],,,,,,,,
虽然,是,[MASK],,,,,,,,,,,,,,,,,,,,,
虽然,是,第,[MASK],,,,,,,,,,,,,,,,,,,,
虽然,是,第,一,[MASK],,,,,,,,,,,,,,,,,,,
虽然,是,第,一,次,[MASK],,,,,,,,,,,,,,,,,,
虽然,是,第,一,次,参加,[MASK],,,,,,,,,,,,,,,,,
虽然,是,第,一,次,参加,奥运会,[MASK],,,,,,,,,,,,,,,,
虽然,是,第,一,次,参加,奥运会,这,[MASK],,,,,,,,,,,,,,,
虽然,是,第,一,次,参加,奥运会,这,位,[MASK],,,,,,,,,,,,,,
虽然,是,第,一,次,参加,奥运会,这,位,20,[MASK],,,,,,,,,,,,,
虽然,是,第,一,次,参加,奥运会,这,位,20,岁,[MASK],,,,,,,,,,,,
虽然,是,第,一,次,参加,奥运会,这,位,20,岁,的,[MASK],,,,,,,,,,,
虽然,是,第,一,次,参加,奥运会,这,位,20,岁,的,运动,[MASK],,,,,,,,,,
虽然,是,第,一,次,参加,奥运会,这,位,20,岁,的,运动,健将,[MASK],,,,,,,,,
虽然,是,第,一,次,参加,奥运会,这,位,20,岁,的,运动,健将,已,[MASK],,,,,,,,
虽然,是,第,一,次,参加,奥运会,这,位,20,岁,的,运动,健将,已,把,[MASK],,,,,,,
虽然,是,第,一,次,参加,奥运会,这,位,20,岁,的,运动,健将,已,把,目标,[MASK],,,,,,
虽然,是,第,一,次,参加,奥运会,这,位,20,岁,的,运动,健将,已,把,目标,放在,[MASK],,,,,
虽然,是,第,一,次,参加,奥运会,这,位,20,岁,的,运动,健将,已,把,目标,放在,夺,[MASK],,,,
虽然,是,第,一,次,参加,奥运会,这,位,20,岁,的,运动,健将,已,把,目标,放在,夺,金牌,[MASK],,,
虽然,新中国,[MASK],,,,,,,,,,,,,,,,,,,,,
虽然,新中国,百废待兴,[MASK],,,,,,,,,,,,,,,,,,,,
虽然,新中国,百废待兴,中国,[MASK],,,,,,,,,,,,,,,,,,,
虽然,新中国,百废待兴,中国,政府,[MASK],,,,,,,,,,,,,,,,,,
虽然,新中国,百废待兴,中国,政府,和,[MASK],,,,,,,,,,,,,,,,,
虽然,新中国,百废待兴,中国,政府,和,人民,[MASK],,,,,,,,,,,,,,,,
虽然,新中国,百废待兴,中国,政府,和,人民,仍,[MASK],,,,,,,,,,,,,,,
虽然,新中国,百废待兴,中国,政府,和,人民,仍,无私,[MASK],,,,,,,,,,,,,,
虽然,新中国,百废待兴,中国,政府,和,人民,仍,无私,地,[MASK],,,,,,,,,,,,,
虽然,新中国,百废待兴,中国,政府,和,人民,仍,无私,地,向,[MASK],,,,,,,,,,,,
虽然,新中国,百废待兴,中国,政府,和,人民,仍,无私,地,向,越南,[MASK],,,,,,,,,,,
虽然,新中国,百废待兴,中国,政府,和,人民,仍,无私,地,向,越南,人民,[MASK],,,,,,,,,,
虽然,新中国,百废待兴,中国,政府,和,人民,仍,无私,地,向,越南,人民,伸出,[MASK],,,,,,,,,
虽然,新中国,百废待兴,中国,政府,和,人民,仍,无私,地,向,越南,人民,伸出,了,[MASK],,,,,,,,
虽然,新中国,百废待兴,中国,政府,和,人民,仍,无私,地,向,越南,人民,伸出,了,援助,[MASK],,,,,,,
虽然,新中国,百废待兴,中国,政府,和,人民,仍,无私,地,向,越南,人民,伸出,了,援助,之,[MASK],,,,,,
都灵,奥组委,[MASK],,,,,,,,,,,,,,,,,,,,,
都灵,奥组委,还,[MASK],,,,,,,,,,,,,,,,,,,,
都灵,奥组委,还,别出心裁,[MASK],,,,,,,,,,,,,,,,,,,
都灵,奥组委,还,别出心裁,地,[MASK],,,,,,,,,,,,,,,,,,
都灵,奥组委,还,别出心裁,地,在,[MASK],,,,,,,,,,,,,,,,,
都灵,奥组委,还,别出心裁,地,在,都灵,[MASK],,,,,,,,,,,,,,,,
都灵,奥组委,还,别出心裁,地,在,都灵,市,[MASK],,,,,,,,,,,,,,,
都灵,奥组委,还,别出心裁,地,在,都灵,市,中心,[MASK],,,,,,,,,,,,,,
都灵,奥组委,还,别出心裁,地,在,都灵,市,中心,区,[MASK],,,,,,,,,,,,,
都灵,奥组委,还,别出心裁,地,在,都灵,市,中心,区,建,[MASK],,,,,,,,,,,,
都灵,奥组委,还,别出心裁,地,在,都灵,市,中心,区,建,了,[MASK],,,,,,,,,,,
都灵,奥组委,还,别出心裁,地,在,都灵,市,中心,区,建,了,两,[MASK],,,,,,,,,,
都灵,奥组委,还,别出心裁,地,在,都灵,市,中心,区,建,了,两,个,[MASK],,,,,,,,,
他,为,[MASK],,,,,,,,,,,,,,,,,,,,,
他,为,观众,[MASK],,,,,,,,,,,,,,,,,,,,
他,为,观众,们,[MASK],,,,,,,,,,,,,,,,,,,
他,为,观众,们,表演,[MASK],,,,,,,,,,,,,,,,,,
他,为,观众,们,表演,了,[MASK],,,,,,,,,,,,,,,,,
他,为,观众,们,表演,了,精彩,[MASK],,,,,,,,,,,,,,,,
他,为,观众,们,表演,了,精彩,的,[MASK],,,,,,,,,,,,,,,
他,为,观众,们,表演,了,精彩,的,少林,[MASK],,,,,,,,,,,,,,
他,为,观众,们,表演,了,精彩,的,少林,童子功,[MASK],,,,,,,,,,,,,
他,为,观众,们,表演,了,精彩,的,少林,童子功,一招一式,[MASK],,,,,,,,,,,,
透过,那,[MASK],,,,,,,,,,,,,,,,,,,,,
透过,那,宁静,[MASK],,,,,,,,,,,,,,,,,,,,
透过,那,宁静,悠闲,[MASK],,,,,,,,,,,,,,,,,,,
透过,那,宁静,悠闲,的,[MASK],,,,,,,,,,,,,,,,,,
透过,那,宁静,悠闲,的,表面,[MASK],,,,,,,,,,,,,,,,,
透过,那,宁静,悠闲,的,表面,现象,[MASK],,,,,,,,,,,,,,,,
透过,那,宁静,悠闲,的,表面,现象,你,[MASK],,,,,,,,,,,,,,,
透过,那,宁静,悠闲,的,表面,现象,你,可以,[MASK],,,,,,,,,,,,,,
透过,那,宁静,悠闲,的,表面,现象,你,可以,感到,[MASK],,,,,,,,,,,,,
透过,那,宁静,悠闲,的,表面,现象,你,可以,感到,一,[MASK],,,,,,,,,,,,
透过,那,宁静,悠闲,的,表面,现象,你,可以,感到,一,种,[MASK],,,,,,,,,,,
透过,那,宁静,悠闲,的,表面,现象,你,可以,感到,一,种,令人,[MASK],,,,,,,,,,
透过,那,宁静,悠闲,的,表面,现象,你,可以,感到,一,种,令人,窒息,[MASK],,,,,,,,,
透过,那,宁静,悠闲,的,表面,现象,你,可以,感到,一,种,令人,窒息,的,[MASK],,,,,,,,
透过,那,宁静,悠闲,的,表面,现象,你,可以,感到,一,种,令人,窒息,的,紧张,[MASK],,,,,,,
中国,的,[MASK],,,,,,,,,,,,,,,,,,,,,
中国,的,茶叶,[MASK],,,,,,,,,,,,,,,,,,,,
中国,的,茶叶,贸易,[MASK],,,,,,,,,,,,,,,,,,,
中国,的,茶叶,贸易,正,[MASK],,,,,,,,,,,,,,,,,,
中国,的,茶叶,贸易,正,面临,[MASK],,,,,,,,,,,,,,,,,
中国,的,茶叶,贸易,正,面临,着,[MASK],,,,,,,,,,,,,,,,
中国,的,茶叶,贸易,正,面临,着,历史,[MASK],,,,,,,,,,,,,,,
中国,的,茶叶,贸易,正,面临,着,历史,上,[MASK],,,,,,,,,,,,,,
中国,的,茶叶,贸易,正,面临,着,历史,上,最大,[MASK],,,,,,,,,,,,,
中国,的,茶叶,贸易,正,面临,着,历史,上,最大,的,[MASK],,,,,,,,,,,,
中国,的,茶叶,贸易,正,面临,着,历史,上,最大,的,严峻,[MASK],,,,,,,,,,,
中国,的,茶叶,贸易,正,面临,着,历史,上,最大,的,严峻,挑战,[MASK],,,,,,,,,,
中国,的,茶叶,贸易,正,面临,着,历史,上,最大,的,严峻,挑战,和,[MASK],,,,,,,,,
中国,的,茶叶,贸易,正,面临,着,历史,上,最大,的,严峻,挑战,和,强大,[MASK],,,,,,,,
华东,沿海,[MASK],,,,,,,,,,,,,,,,,,,,,
华东,沿海,农民,[MASK],,,,,,,,,,,,,,,,,,,,
华东,沿海,农民,艰苦奋斗,[MASK],,,,,,,,,,,,,,,,,,,
华东,沿海,农民,艰苦奋斗,的,[MASK],,,,,,,,,,,,,,,,,,
华东,沿海,农民,艰苦奋斗,的,精神,[MASK],,,,,,,,,,,,,,,,,
华东,沿海,农民,艰苦奋斗,的,精神,风貌,[MASK],,,,,,,,,,,,,,,,
华东,沿海,农民,艰苦奋斗,的,精神,风貌,给,[MASK],,,,,,,,,,,,,,,
华东,沿海,农民,艰苦奋斗,的,精神,风貌,给,来访者,[MASK],,,,,,,,,,,,,,
华东,沿海,农民,艰苦奋斗,的,精神,风貌,给,来访者,留下,[MASK],,,,,,,,,,,,,
华东,沿海,农民,艰苦奋斗,的,精神,风貌,给,来访者,留下,深深,[MASK],,,,,,,,,,,,
华东,沿海,农民,艰苦奋斗,的,精神,风貌,给,来访者,留下,深深,的,[MASK],,,,,,,,,,,
最新,的,[MASK],,,,,,,,,,,,,,,,,,,,,
最新,的,研究,[MASK],,,,,,,,,,,,,,,,,,,,
最新,的,研究,结果,[MASK],,,,,,,,,,,,,,,,,,,
最新,的,研究,结果,表明,[MASK],,,,,,,,,,,,,,,,,,
最新,的,研究,结果,表明,经常,[MASK],,,,,,,,,,,,,,,,,
最新,的,研究,结果,表明,经常,玩,[MASK],,,,,,,,,,,,,,,,
最新,的,研究,结果,表明,经常,玩,积木,[MASK],,,,,,,,,,,,,,,
最新,的,研究,结果,表明,经常,玩,积木,可以,[MASK],,,,,,,,,,,,,,
最新,的,研究,结果,表明,经常,玩,积木,可以,更,[MASK],,,,,,,,,,,,,
最新,的,研究,结果,表明,经常,玩,积木,可以,更,容易,[MASK],,,,,,,,,,,,
最新,的,研究,结果,表明,经常,玩,积木,可以,更,容易,开启,[MASK],,,,,,,,,,,
最新,的,研究,结果,表明,经常,玩,积木,可以,更,容易,开启,宝宝,[MASK],,,,,,,,,,
最新,的,研究,结果,表明,经常,玩,积木,可以,更,容易,开启,宝宝,的,[MASK],,,,,,,,,
这,次,[MASK],,,,,,,,,,,,,,,,,,,,,
这,次,收购,[MASK],,,,,,,,,,,,,,,,,,,,
这,次,收购,的,[MASK],,,,,,,,,,,,,,,,,,,
这,次,收购,的,是,[MASK],,,,,,,,,,,,,,,,,,
这,次,收购,的,是,一,[MASK],,,,,,,,,,,,,,,,,
这,次,收购,的,是,一,家,[MASK],,,,,,,,,,,,,,,,
这,次,收购,的,是,一,家,固定,[MASK],,,,,,,,,,,,,,,
这,次,收购,的,是,一,家,固定,资产,[MASK],,,,,,,,,,,,,,
这,次,收购,的,是,一,家,固定,资产,与,[MASK],,,,,,,,,,,,,
这,次,收购,的,是,一,家,固定,资产,与,自己,[MASK],,,,,,,,,,,,
这,次,收购,的,是,一,家,固定,资产,与,自己,不相上下,[MASK],,,,,,,,,,,
这,次,收购,的,是,一,家,固定,资产,与,自己,不相上下,的,[MASK],,,,,,,,,,
这,次,收购,的,是,一,家,固定,资产,与,自己,不相上下,的,著名,[MASK],,,,,,,,,
这,次,收购,的,是,一,家,固定,资产,与,自己,不相上下,的,著名,企业,[MASK],,,,,,,,
这,次,收购,的,是,一,家,固定,资产,与,自己,不相上下,的,著名,企业,因此,[MASK],,,,,,,
这,次,收购,的,是,一,家,固定,资产,与,自己,不相上下,的,著名,企业,因此,格外,[MASK],,,,,,
大量,高,[MASK],,,,,,,,,,,,,,,,,,,,,
大量,高,标准,[MASK],,,,,,,,,,,,,,,,,,,,
大量,高,标准,地,[MASK],,,,,,,,,,,,,,,,,,,
大量,高,标准,地,使用,[MASK],,,,,,,,,,,,,,,,,,
大量,高,标准,地,使用,金箔,[MASK],,,,,,,,,,,,,,,,,
大量,高,标准,地,使用,金箔,将,[MASK],,,,,,,,,,,,,,,,
大量,高,标准,地,使用,金箔,将,是,[MASK],,,,,,,,,,,,,,,
大量,高,标准,地,使用,金箔,将,是,故宫,[MASK],,,,,,,,,,,,,,
大量,高,标准,地,使用,金箔,将,是,故宫,再现,[MASK],,,,,,,,,,,,,
大量,高,标准,地,使用,金箔,将,是,故宫,再现,辉煌,[MASK],,,,,,,,,,,,
大量,高,标准,地,使用,金箔,将,是,故宫,再现,辉煌,的,[MASK],,,,,,,,,,,
大量,高,标准,地,使用,金箔,将,是,故宫,再现,辉煌,的,重要,[MASK],,,,,,,,,,
大量,高,标准,地,使用,金箔,将,是,故宫,再现,辉煌,的,重要,基础,[MASK],,,,,,,,,
但是,她,[MASK],,,,,,,,,,,,,,,,,,,,,
但是,她,的,[MASK],,,,,,,,,,,,,,,,,,,,
但是,她,的,力量,[MASK],,,,,,,,,,,,,,,,,,,
但是,她,的,力量,和,[MASK],,,,,,,,,,,,,,,,,,
但是,她,的,力量,和,勇气,[MASK],,,,,,,,,,,,,,,,,
但是,她,的,力量,和,勇气,却,[MASK],,,,,,,,,,,,,,,,
但是,她,的,力量,和,勇气,却,是,[MASK],,,,,,,,,,,,,,,
但是,她,的,力量,和,勇气,却,是,长,[MASK],,,,,,,,,,,,,,
但是,她,的,力量,和,勇气,却,是,长,时间,[MASK],,,,,,,,,,,,,
但是,她,的,力量,和,勇气,却,是,长,时间,坚持不懈,[MASK],,,,,,,,,,,,
但是,她,的,力量,和,勇气,却,是,长,时间,坚持不懈,的,[MASK],,,,,,,,,,,
但是,她,的,力量,和,勇气,却,是,长,时间,坚持不懈,的,磨炼,[MASK],,,,,,,,,,
但是,她,的,力量,和,勇气,却,是,长,时间,坚持不懈,的,磨炼,的,[MASK],,,,,,,,,
报喜,不,[MASK],,,,,,,,,,,,,,,,,,,,,
报喜,不,报忧,[MASK],,,,,,,,,,,,,,,,,,,,
报喜,不,报忧,早已,[MASK],,,,,,,,,,,,,,,,,,,
报喜,不,报忧,早已,成,[MASK],,,,,,,,,,,,,,,,,,
报喜,不,报忧,早已,成,了,[MASK],,,,,,,,,,,,,,,,,
报喜,不,报忧,早已,成,了,当今,[MASK],,,,,,,,,,,,,,,,
报喜,不,报忧,早已,成,了,当今,中国,[MASK],,,,,,,,,,,,,,,
报喜,不,报忧,早已,成,了,当今,中国,官场,[MASK],,,,,,,,,,,,,,
报喜,不,报忧,早已,成,了,当今,中国,官场,上,[MASK],,,,,,,,,,,,,
报喜,不,报忧,早已,成,了,当今,中国,官场,上,平常,[MASK],,,,,,,,,,,,
报喜,不,报忧,早已,成,了,当今,中国,官场,上,平常,的,[MASK],,,,,,,,,,,
报喜,不,报忧,早已,成,了,当今,中国,官场,上,平常,的,一,[MASK],,,,,,,,,,
报喜,不,报忧,早已,成,了,当今,中国,官场,上,平常,的,一,件,[MASK],,,,,,,,,
临泉,县,[MASK],,,,,,,,,,,,,,,,,,,,,
临泉,县,公安,[MASK],,,,,,,,,,,,,,,,,,,,
临泉,县,公安,机关,[MASK],,,,,,,,,,,,,,,,,,,
临泉,县,公安,机关,竟然,[MASK],,,,,,,,,,,,,,,,,,
临泉,县,公安,机关,竟然,敢,[MASK],,,,,,,,,,,,,,,,,
临泉,县,公安,机关,竟然,敢,肆无忌惮,[MASK],,,,,,,,,,,,,,,,
临泉,县,公安,机关,竟然,敢,肆无忌惮,地,[MASK],,,,,,,,,,,,,,,
临泉,县,公安,机关,竟然,敢,肆无忌惮,地,编织,[MASK],,,,,,,,,,,,,,
临泉,县,公安,机关,竟然,敢,肆无忌惮,地,编织,谎言,[MASK],,,,,,,,,,,,,
临泉,县,公安,机关,竟然,敢,肆无忌惮,地,编织,谎言,逮捕,[MASK],,,,,,,,,,,,
临泉,县,公安,机关,竟然,敢,肆无忌惮,地,编织,谎言,逮捕,前往,[MASK],,,,,,,,,,,
临泉,县,公安,机关,竟然,敢,肆无忌惮,地,编织,谎言,逮捕,前往,上访,[MASK],,,,,,,,,,
临泉,县,公安,机关,竟然,敢,肆无忌惮,地,编织,谎言,逮捕,前往,上访,的,[MASK],,,,,,,,,
临泉,县,公安,机关,竟然,敢,肆无忌惮,地,编织,谎言,逮捕,前往,上访,的,农民,[MASK],,,,,,,,
大家,都,[MASK],,,,,,,,,,,,,,,,,,,,,
大家,都,为,[MASK],,,,,,,,,,,,,,,,,,,,
大家,都,为,阿力,[MASK],,,,,,,,,,,,,,,,,,,
大家,都,为,阿力,紧张,[MASK],,,,,,,,,,,,,,,,,,
大家,都,为,阿力,紧张,幸运,[MASK],,,,,,,,,,,,,,,,,
大家,都,为,阿力,紧张,幸运,的,[MASK],,,,,,,,,,,,,,,,
大家,都,为,阿力,紧张,幸运,的,是,[MASK],,,,,,,,,,,,,,,
大家,都,为,阿力,紧张,幸运,的,是,最终,[MASK],,,,,,,,,,,,,,
大家,都,为,阿力,紧张,幸运,的,是,最终,阿力,[MASK],,,,,,,,,,,,,
大家,都,为,阿力,紧张,幸运,的,是,最终,阿力,艰难,[MASK],,,,,,,,,,,,
大家,都,为,阿力,紧张,幸运,的,是,最终,阿力,艰难,地,[MASK],,,,,,,,,,,
大家,都,为,阿力,紧张,幸运,的,是,最终,阿力,艰难,地,在,[MASK],,,,,,,,,,
大家,都,为,阿力,紧张,幸运,的,是,最终,阿力,艰难,地,在,浓雾,[MASK],,,,,,,,,
大家,都,为,阿力,紧张,幸运,的,是,最终,阿力,艰难,地,在,浓雾,中,[MASK],,,,,,,,
大家,都,为,阿力,紧张,幸运,的,是,最终,阿力,艰难,地,在,浓雾,中,抵达,[MASK],,,,,,,
大家,都,为,阿力,紧张,幸运,的,是,最终,阿力,艰难,地,在,浓雾,中,抵达,东峰,[MASK],,,,,,
此,影片,[MASK],,,,,,,,,,,,,,,,,,,,,
此,影片,展示,[MASK],,,,,,,,,,,,,,,,,,,,
此,影片,展示,了,[MASK],,,,,,,,,,,,,,,,,,,
此,影片,展示,了,日本,[MASK],,,,,,,,,,,,,,,,,,
此,影片,展示,了,日本,平安,[MASK],,,,,,,,,,,,,,,,,
此,影片,展示,了,日本,平安,时代,[MASK],,,,,,,,,,,,,,,,
此,影片,展示,了,日本,平安,时代,中期,[MASK],,,,,,,,,,,,,,,
此,影片,展示,了,日本,平安,时代,中期,宫廷,[MASK],,,,,,,,,,,,,,
此,影片,展示,了,日本,平安,时代,中期,宫廷,贵族,[MASK],,,,,,,,,,,,,
此,影片,展示,了,日本,平安,时代,中期,宫廷,贵族,的,[MASK],,,,,,,,,,,,
此,影片,展示,了,日本,平安,时代,中期,宫廷,贵族,的,勾心斗角,[MASK],,,,,,,,,,,
此,影片,展示,了,日本,平安,时代,中期,宫廷,贵族,的,勾心斗角,的,[MASK],,,,,,,,,,
此,影片,展示,了,日本,平安,时代,中期,宫廷,贵族,的,勾心斗角,的,权势,[MASK],,,,,,,,,
此,影片,展示,了,日本,平安,时代,中期,宫廷,贵族,的,勾心斗角,的,权势,之,[MASK],,,,,,,,
浙江,经济,[MASK],,,,,,,,,,,,,,,,,,,,,
浙江,经济,的,[MASK],,,,,,,,,,,,,,,,,,,,
浙江,经济,的,快速,[MASK],,,,,,,,,,,,,,,,,,,
浙江,经济,的,快速,发展,[MASK],,,,,,,,,,,,,,,,,,
浙江,经济,的,快速,发展,在于,[MASK],,,,,,,,,,,,,,,,,
浙江,经济,的,快速,发展,在于,生活,[MASK],,,,,,,,,,,,,,,,
浙江,经济,的,快速,发展,在于,生活,在,[MASK],,,,,,,,,,,,,,,
浙江,经济,的,快速,发展,在于,生活,在,这,[MASK],,,,,,,,,,,,,,
浙江,经济,的,快速,发展,在于,生活,在,这,块,[MASK],,,,,,,,,,,,,
浙江,经济,的,快速,发展,在于,生活,在,这,块,土地,[MASK],,,,,,,,,,,,
浙江,经济,的,快速,发展,在于,生活,在,这,块,土地,上,[MASK],,,,,,,,,,,
浙江,经济,的,快速,发展,在于,生活,在,这,块,土地,上,的,[MASK],,,,,,,,,,
浙江,经济,的,快速,发展,在于,生活,在,这,块,土地,上,的,平民,[MASK],,,,,,,,,
浙江,经济,的,快速,发展,在于,生活,在,这,块,土地,上,的,平民,百姓,[MASK],,,,,,,,
浙江,经济,的,快速,发展,在于,生活,在,这,块,土地,上,的,平民,百姓,坚韧,[MASK],,,,,,,
浙江,经济,的,快速,发展,在于,生活,在,这,块,土地,上,的,平民,百姓,坚韧,的,[MASK],,,,,,
浙江,经济,的,快速,发展,在于,生活,在,这,块,土地,上,的,平民,百姓,坚韧,的,创新,[MASK],,,,,
中国,女乒,[MASK],,,,,,,,,,,,,,,,,,,,,
中国,女乒,的,[MASK],,,,,,,,,,,,,,,,,,,,
中国,女乒,的,第,[MASK],,,,,,,,,,,,,,,,,,,
中国,女乒,的,第,三,[MASK],,,,,,,,,,,,,,,,,,
中国,女乒,的,第,三,号,[MASK],,,,,,,,,,,,,,,,,
中国,女乒,的,第,三,号,选手,[MASK],,,,,,,,,,,,,,,,
中国,女乒,的,第,三,号,选手,牛剑锋,[MASK],,,,,,,,,,,,,,,
中国,女乒,的,第,三,号,选手,牛剑锋,不负众望,[MASK],,,,,,,,,,,,,,
中国,女乒,的,第,三,号,选手,牛剑锋,不负众望,地,[MASK],,,,,,,,,,,,,
中国,女乒,的,第,三,号,选手,牛剑锋,不负众望,地,获得,[MASK],,,,,,,,,,,,
中国,女乒,的,第,三,号,选手,牛剑锋,不负众望,地,获得,了,[MASK],,,,,,,,,,,
中国,女乒,的,第,三,号,选手,牛剑锋,不负众望,地,获得,了,奥运会,[MASK],,,,,,,,,,
随着,城市,[MASK],,,,,,,,,,,,,,,,,,,,,
随着,城市,迅速,[MASK],,,,,,,,,,,,,,,,,,,,
随着,城市,迅速,地,[MASK],,,,,,,,,,,,,,,,,,,
随着,城市,迅速,地,变,[MASK],,,,,,,,,,,,,,,,,,
随着,城市,迅速,地,变,大,[MASK],,,,,,,,,,,,,,,,,
随着,城市,迅速,地,变,大,和,[MASK],,,,,,,,,,,,,,,,
随着,城市,迅速,地,变,大,和,变,[MASK],,,,,,,,,,,,,,,
随着,城市,迅速,地,变,大,和,变,美,[MASK],,,,,,,,,,,,,,
随着,城市,迅速,地,变,大,和,变,美,城里人,[MASK],,,,,,,,,,,,,
随着,城市,迅速,地,变,大,和,变,美,城里人,的,[MASK],,,,,,,,,,,,
随着,城市,迅速,地,变,大,和,变,美,城里人,的,生活,[MASK],,,,,,,,,,,
随着,城市,迅速,地,变,大,和,变,美,城里人,的,生活,水平,[MASK],,,,,,,,,,
随着,城市,迅速,地,变,大,和,变,美,城里人,的,生活,水平,也,[MASK],,,,,,,,,
随着,城市,迅速,地,变,大,和,变,美,城里人,的,生活,水平,也,在,[MASK],,,,,,,,
随着,城市,迅速,地,变,大,和,变,美,城里人,的,生活,水平,也,在,不断,[MASK],,,,,,,
随着,城市,迅速,地,变,大,和,变,美,城里人,的,生活,水平,也,在,不断,地,[MASK],,,,,,
随着,城市,迅速,地,变,大,和,变,美,城里人,的,生活,水平,也,在,不断,地,发生,[MASK],,,,,
随着,城市,迅速,地,变,大,和,变,美,城里人,的,生活,水平,也,在,不断,地,发生,着,[MASK],,,,
经济,全球化,[MASK],,,,,,,,,,,,,,,,,,,,,
经济,全球化,和,[MASK],,,,,,,,,,,,,,,,,,,,
经济,全球化,和,世界,[MASK],,,,,,,,,,,,,,,,,,,
经济,全球化,和,世界,科学,[MASK],,,,,,,,,,,,,,,,,,
经济,全球化,和,世界,科学,技术,[MASK],,,,,,,,,,,,,,,,,
经济,全球化,和,世界,科学,技术,日新月异,[MASK],,,,,,,,,,,,,,,,
经济,全球化,和,世界,科学,技术,日新月异,的,[MASK],,,,,,,,,,,,,,,
经济,全球化,和,世界,科学,技术,日新月异,的,发展,[MASK],,,,,,,,,,,,,,
经济,全球化,和,世界,科学,技术,日新月异,的,发展,使,[MASK],,,,,,,,,,,,,
经济,全球化,和,世界,科学,技术,日新月异,的,发展,使,知识,[MASK],,,,,,,,,,,,
经济,全球化,和,世界,科学,技术,日新月异,的,发展,使,知识,产权,[MASK],,,,,,,,,,,
经济,全球化,和,世界,科学,技术,日新月异,的,发展,使,知识,产权,保护,[MASK],,,,,,,,,,
经济,全球化,和,世界,科学,技术,日新月异,的,发展,使,知识,产权,保护,面临,[MASK],,,,,,,,,
经济,全球化,和,世界,科学,技术,日新月异,的,发展,使,知识,产权,保护,面临,新,[MASK],,,,,,,,
经济,全球化,和,世界,科学,技术,日新月异,的,发展,使,知识,产权,保护,面临,新,的,[MASK],,,,,,,
在,新,[MASK],,,,,,,,,,,,,,,,,,,,,
在,新,的,[MASK],,,,,,,,,,,,,,,,,,,,
在,新,的,历史,[MASK],,,,,,,,,,,,,,,,,,,
在,新,的,历史,时期,[MASK],,,,,,,,,,,,,,,,,,
在,新,的,历史,时期,政府,[MASK],,,,,,,,,,,,,,,,,
在,新,的,历史,时期,政府,希望,[MASK],,,,,,,,,,,,,,,,
在,新,的,历史,时期,政府,希望,中国,[MASK],,,,,,,,,,,,,,,
在,新,的,历史,时期,政府,希望,中国,红十字会,[MASK],,,,,,,,,,,,,,
在,新,的,历史,时期,政府,希望,中国,红十字会,继续,[MASK],,,,,,,,,,,,,
在,新,的,历史,时期,政府,希望,中国,红十字会,继续,传承,[MASK],,,,,,,,,,,,
在,新,的,历史,时期,政府,希望,中国,红十字会,继续,传承,红十字,[MASK],,,,,,,,,,,
掌握,知识,[MASK],,,,,,,,,,,,,,,,,,,,,
掌握,知识,与,[MASK],,,,,,,,,,,,,,,,,,,,
掌握,知识,与,发展,[MASK],,,,,,,,,,,,,,,,,,,
掌握,知识,与,发展,智能,[MASK],,,,,,,,,,,,,,,,,,
掌握,知识,与,发展,智能,是,[MASK],,,,,,,,,,,,,,,,,
掌握,知识,与,发展,智能,是,智育,[MASK],,,,,,,,,,,,,,,,
掌握,知识,与,发展,智能,是,智育,的,[MASK],,,,,,,,,,,,,,,
掌握,知识,与,发展,智能,是,智育,的,两,[MASK],,,,,,,,,,,,,,
掌握,知识,与,发展,智能,是,智育,的,两,个,[MASK],,,,,,,,,,,,,
掌握,知识,与,发展,智能,是,智育,的,两,个,不可或缺,[MASK],,,,,,,,,,,,
掌握,知识,与,发展,智能,是,智育,的,两,个,不可或缺,的,[MASK],,,,,,,,,,,
掌握,知识,与,发展,智能,是,智育,的,两,个,不可或缺,的,重要,[MASK],,,,,,,,,,
掌握,知识,与,发展,智能,是,智育,的,两,个,不可或缺,的,重要,组成,[MASK],,,,,,,,,
掌握,知识,与,发展,智能,是,智育,的,两,个,不可或缺,的,重要,组成,部分,[MASK],,,,,,,,
掌握,知识,与,发展,智能,是,智育,的,两,个,不可或缺,的,重要,组成,部分,不,[MASK],,,,,,,
掌握,知识,与,发展,智能,是,智育,的,两,个,不可或缺,的,重要,组成,部分,不,能,[MASK],,,,,,
掌握,知识,与,发展,智能,是,智育,的,两,个,不可或缺,的,重要,组成,部分,不,能,有所,[MASK],,,,,
中国,经济,[MASK],,,,,,,,,,,,,,,,,,,,,
中国,经济,的,[MASK],,,,,,,,,,,,,,,,,,,,
中国,经济,的,发展,[MASK],,,,,,,,,,,,,,,,,,,
中国,经济,的,发展,使,[MASK],,,,,,,,,,,,,,,,,,
中国,经济,的,发展,使,Z,[MASK],,,,,,,,,,,,,,,,,
中国,经济,的,发展,使,Z,年代,[MASK],,,,,,,,,,,,,,,,
中国,经济,的,发展,使,Z,年代,的,[MASK],,,,,,,,,,,,,,,
中国,经济,的,发展,使,Z,年代,的,外国,[MASK],,,,,,,,,,,,,,
中国,经济,的,发展,使,Z,年代,的,外国,商人,[MASK],,,,,,,,,,,,,
中国,经济,的,发展,使,Z,年代,的,外国,商人,看到,[MASK],,,,,,,,,,,,
中国,经济,的,发展,使,Z,年代,的,外国,商人,看到,了,[MASK],,,,,,,,,,,
中国,经济,的,发展,使,Z,年代,的,外国,商人,看到,了,在,[MASK],,,,,,,,,,
中国,经济,的,发展,使,Z,年代,的,外国,商人,看到,了,在,大陆,[MASK],,,,,,,,,
中国,经济,的,发展,使,Z,年代,的,外国,商人,看到,了,在,大陆,市场,[MASK],,,,,,,,
中国,经济,的,发展,使,Z,年代,的,外国,商人,看到,了,在,大陆,市场,销售,[MASK],,,,,,,
中国,经济,的,发展,使,Z,年代,的,外国,商人,看到,了,在,大陆,市场,销售,产品,[MASK],,,,,,
中国,经济,的,发展,使,Z,年代,的,外国,商人,看到,了,在,大陆,市场,销售,产品,的,[MASK],,,,,
与,其他,[MASK],,,,,,,,,,,,,,,,,,,,,
与,其他,机器人,[MASK],,,,,,,,,,,,,,,,,,,,
与,其他,机器人,相比,[MASK],,,,,,,,,,,,,,,,,,,
与,其他,机器人,相比,这种,[MASK],,,,,,,,,,,,,,,,,,
与,其他,机器人,相比,这种,机器人,[MASK],,,,,,,,,,,,,,,,,
与,其他,机器人,相比,这种,机器人,在,[MASK],,,,,,,,,,,,,,,,
与,其他,机器人,相比,这种,机器人,在,行走,[MASK],,,,,,,,,,,,,,,
与,其他,机器人,相比,这种,机器人,在,行走,环境,[MASK],,,,,,,,,,,,,,
与,其他,机器人,相比,这种,机器人,在,行走,环境,千变万化,[MASK],,,,,,,,,,,,,
与,其他,机器人,相比,这种,机器人,在,行走,环境,千变万化,的,[MASK],,,,,,,,,,,,
与,其他,机器人,相比,这种,机器人,在,行走,环境,千变万化,的,室外,[MASK],,,,,,,,,,,
与,其他,机器人,相比,这种,机器人,在,行走,环境,千变万化,的,室外,更,[MASK],,,,,,,,,,
与,其他,机器人,相比,这种,机器人,在,行走,环境,千变万化,的,室外,更,不,[MASK],,,,,,,,,
与,其他,机器人,相比,这种,机器人,在,行走,环境,千变万化,的,室外,更,不,容易,[MASK],,,,,,,,
导演,采用,[MASK],,,,,,,,,,,,,,,,,,,,,
导演,采用,大量,[MASK],,,,,,,,,,,,,,,,,,,,
导演,采用,大量,的,[MASK],,,,,,,,,,,,,,,,,,,
导演,采用,大量,的,镜头,[MASK],,,,,,,,,,,,,,,,,,
导演,采用,大量,的,镜头,变换,[MASK],,,,,,,,,,,,,,,,,
导演,采用,大量,的,镜头,变换,技法,[MASK],,,,,,,,,,,,,,,,
导演,采用,大量,的,镜头,变换,技法,并,[MASK],,,,,,,,,,,,,,,
导演,采用,大量,的,镜头,变换,技法,并,将,[MASK],,,,,,,,,,,,,,
导演,采用,大量,的,镜头,变换,技法,并,将,三,[MASK],,,,,,,,,,,,,
导演,采用,大量,的,镜头,变换,技法,并,将,三,部,[MASK],,,,,,,,,,,,
导演,采用,大量,的,镜头,变换,技法,并,将,三,部,电影,[MASK],,,,,,,,,,,
导演,采用,大量,的,镜头,变换,技法,并,将,三,部,电影,巧妙,[MASK],,,,,,,,,,
导演,采用,大量,的,镜头,变换,技法,并,将,三,部,电影,巧妙,地,[MASK],,,,,,,,,
导演,采用,大量,的,镜头,变换,技法,并,将,三,部,电影,巧妙,地,衔接,[MASK],,,,,,,,
导演,采用,大量,的,镜头,变换,技法,并,将,三,部,电影,巧妙,地,衔接,在,[MASK],,,,,,,
实践,有助,[MASK],,,,,,,,,,,,,,,,,,,,,
实践,有助,于,[MASK],,,,,,,,,,,,,,,,,,,,
实践,有助,于,我们,[MASK],,,,,,,,,,,,,,,,,,,
实践,有助,于,我们,了解,[MASK],,,,,,,,,,,,,,,,,,
实践,有助,于,我们,了解,这个,[MASK],,,,,,,,,,,,,,,,,
实践,有助,于,我们,了解,这个,理论,[MASK],,,,,,,,,,,,,,,,
实践,有助,于,我们,了解,这个,理论,的,[MASK],,,,,,,,,,,,,,,
实践,有助,于,我们,了解,这个,理论,的,来龙去脉,[MASK],,,,,,,,,,,,,,
实践,有助,于,我们,了解,这个,理论,的,来龙去脉,和,[MASK],,,,,,,,,,,,,
实践,有助,于,我们,了解,这个,理论,的,来龙去脉,和,取得,[MASK],,,,,,,,,,,,
实践,有助,于,我们,了解,这个,理论,的,来龙去脉,和,取得,这个,[MASK],,,,,,,,,,,
实践,有助,于,我们,了解,这个,理论,的,来龙去脉,和,取得,这个,认识,[MASK],,,,,,,,,,
实践,有助,于,我们,了解,这个,理论,的,来龙去脉,和,取得,这个,认识,成果,[MASK],,,,,,,,,
实践,有助,于,我们,了解,这个,理论,的,来龙去脉,和,取得,这个,认识,成果,所,[MASK],,,,,,,,
实践,有助,于,我们,了解,这个,理论,的,来龙去脉,和,取得,这个,认识,成果,所,付出,[MASK],,,,,,,
实践,有助,于,我们,了解,这个,理论,的,来龙去脉,和,取得,这个,认识,成果,所,付出,的,[MASK],,,,,,
实践,有助,于,我们,了解,这个,理论,的,来龙去脉,和,取得,这个,认识,成果,所,付出,的,巨大,[MASK],,,,,
林肯,登上,[MASK],,,,,,,,,,,,,,,,,,,,,
林肯,登上,权力,[MASK],,,,,,,,,,,,,,,,,,,,
林肯,登上,权力,的,[MASK],,,,,,,,,,,,,,,,,,,
林肯,登上,权力,的,顶峰,[MASK],,,,,,,,,,,,,,,,,,
林肯,登上,权力,的,顶峰,在,[MASK],,,,,,,,,,,,,,,,,
林肯,登上,权力,的,顶峰,在,很,[MASK],,,,,,,,,,,,,,,,
林肯,登上,权力,的,顶峰,在,很,大,[MASK],,,,,,,,,,,,,,,
林肯,登上,权力,的,顶峰,在,很,大,程度,[MASK],,,,,,,,,,,,,,
林肯,登上,权力,的,顶峰,在,很,大,程度,上,[MASK],,,,,,,,,,,,,
林肯,登上,权力,的,顶峰,在,很,大,程度,上,得益,[MASK],,,,,,,,,,,,
林肯,登上,权力,的,顶峰,在,很,大,程度,上,得益,于,[MASK],,,,,,,,,,,
林肯,登上,权力,的,顶峰,在,很,大,程度,上,得益,于,他,[MASK],,,,,,,,,,
林肯,登上,权力,的,顶峰,在,很,大,程度,上,得益,于,他,那,[MASK],,,,,,,,,
林肯,登上,权力,的,顶峰,在,很,大,程度,上,得益,于,他,那,无与伦比,[MASK],,,,,,,,
林肯,登上,权力,的,顶峰,在,很,大,程度,上,得益,于,他,那,无与伦比,的,[MASK],,,,,,,
林肯,登上,权力,的,顶峰,在,很,大,程度,上,得益,于,他,那,无与伦比,的,演说,[MASK],,,,,,
这,静谧,[MASK],,,,,,,,,,,,,,,,,,,,,
这,静谧,的,[MASK],,,,,,,,,,,,,,,,,,,,
这,静谧,的,田家,[MASK],,,,,,,,,,,,,,,,,,,
这,静谧,的,田家,村庄,[MASK],,,,,,,,,,,,,,,,,,
这,静谧,的,田家,村庄,美中不足,[MASK],,,,,,,,,,,,,,,,,
这,静谧,的,田家,村庄,美中不足,的,[MASK],,,,,,,,,,,,,,,,
这,静谧,的,田家,村庄,美中不足,的,是,[MASK],,,,,,,,,,,,,,,
这,静谧,的,田家,村庄,美中不足,的,是,缺少,[MASK],,,,,,,,,,,,,,
这,静谧,的,田家,村庄,美中不足,的,是,缺少,点,[MASK],,,,,,,,,,,,,
这,静谧,的,田家,村庄,美中不足,的,是,缺少,点,鸡鸣犬吠,[MASK],,,,,,,,,,,,
这,静谧,的,田家,村庄,美中不足,的,是,缺少,点,鸡鸣犬吠,的,[MASK],,,,,,,,,,,
某些,部门,[MASK],,,,,,,,,,,,,,,,,,,,,
某些,部门,却,[MASK],,,,,,,,,,,,,,,,,,,,
某些,部门,却,不,[MASK],,,,,,,,,,,,,,,,,,,
某些,部门,却,不,能,[MASK],,,,,,,,,,,,,,,,,,
某些,部门,却,不,能,或者,[MASK],,,,,,,,,,,,,,,,,
某些,部门,却,不,能,或者,说,[MASK],,,,,,,,,,,,,,,,
某些,部门,却,不,能,或者,说,不,[MASK],,,,,,,,,,,,,,,
某些,部门,却,不,能,或者,说,不,敢,[MASK],,,,,,,,,,,,,,
某些,部门,却,不,能,或者,说,不,敢,站,[MASK],,,,,,,,,,,,,
某些,部门,却,不,能,或者,说,不,敢,站,出来,[MASK],,,,,,,,,,,,
某些,部门,却,不,能,或者,说,不,敢,站,出来,正当,[MASK],,,,,,,,,,,
某些,部门,却,不,能,或者,说,不,敢,站,出来,正当,地,[MASK],,,,,,,,,,
某些,部门,却,不,能,或者,说,不,敢,站,出来,正当,地,维护,[MASK],,,,,,,,,
某些,部门,却,不,能,或者,说,不,敢,站,出来,正当,地,维护,劳动者,[MASK],,,,,,,,
某些,部门,却,不,能,或者,说,不,敢,站,出来,正当,地,维护,劳动者,的,[MASK],,,,,,,
她,有时候,[MASK],,,,,,,,,,,,,,,,,,,,,
她,有时候,也,[MASK],,,,,,,,,,,,,,,,,,,,
她,有时候,也,忍无可忍,[MASK],,,,,,,,,,,,,,,,,,,
她,有时候,也,忍无可忍,地,[MASK],,,,,,,,,,,,,,,,,,
她,有时候,也,忍无可忍,地,和,[MASK],,,,,,,,,,,,,,,,,
她,有时候,也,忍无可忍,地,和,他,[MASK],,,,,,,,,,,,,,,,
她,有时候,也,忍无可忍,地,和,他,吵,[MASK],,,,,,,,,,,,,,,
她,有时候,也,忍无可忍,地,和,他,吵,几,[MASK],,,,,,,,,,,,,,
她,有时候,也,忍无可忍,地,和,他,吵,几,句,[MASK],,,,,,,,,,,,,
她,有时候,也,忍无可忍,地,和,他,吵,几,句,嘴,[MASK],,,,,,,,,,,,
她,有时候,也,忍无可忍,地,和,他,吵,几,句,嘴,不过,[MASK],,,,,,,,,,,
她,有时候,也,忍无可忍,地,和,他,吵,几,句,嘴,不过,在,[MASK],,,,,,,,,,
她,有时候,也,忍无可忍,地,和,他,吵,几,句,嘴,不过,在,事后,[MASK],,,,,,,,,
她,有时候,也,忍无可忍,地,和,他,吵,几,句,嘴,不过,在,事后,一,[MASK],,,,,,,,
她,有时候,也,忍无可忍,地,和,他,吵,几,句,嘴,不过,在,事后,一,想,[MASK],,,,,,,
她,有时候,也,忍无可忍,地,和,他,吵,几,句,嘴,不过,在,事后,一,想,越,[MASK],,,,,,
她,有时候,也,忍无可忍,地,和,他,吵,几,句,嘴,不过,在,事后,一,想,越,吵嘴,[MASK],,,,,
她,有时候,也,忍无可忍,地,和,他,吵,几,句,嘴,不过,在,事后,一,想,越,吵嘴,便,[MASK],,,,
她,有时候,也,忍无可忍,地,和,他,吵,几,句,嘴,不过,在,事后,一,想,越,吵嘴,便,相隔,[MASK],,,
她,有时候,也,忍无可忍,地,和,他,吵,几,句,嘴,不过,在,事后,一,想,越,吵嘴,便,相隔,越,[MASK],,
黑河,作为,[MASK],,,,,,,,,,,,,,,,,,,,,
黑河,作为,中国,[MASK],,,,,,,,,,,,,,,,,,,,
黑河,作为,中国,开放,[MASK],,,,,,,,,,,,,,,,,,,
黑河,作为,中国,开放,的,[MASK],,,,,,,,,,,,,,,,,,
黑河,作为,中国,开放,的,前沿,[MASK],,,,,,,,,,,,,,,,,
黑河,作为,中国,开放,的,前沿,必将,[MASK],,,,,,,,,,,,,,,,
黑河,作为,中国,开放,的,前沿,必将,全面,[MASK],,,,,,,,,,,,,,,
黑河,作为,中国,开放,的,前沿,必将,全面,地,[MASK],,,,,,,,,,,,,,
黑河,作为,中国,开放,的,前沿,必将,全面,地,迎接,[MASK],,,,,,,,,,,,,
黑河,作为,中国,开放,的,前沿,必将,全面,地,迎接,激烈,[MASK],,,,,,,,,,,,
黑河,作为,中国,开放,的,前沿,必将,全面,地,迎接,激烈,的,[MASK],,,,,,,,,,,
正,因,[MASK],,,,,,,,,,,,,,,,,,,,,
正,因,多,[MASK],,,,,,,,,,,,,,,,,,,,
正,因,多,种,[MASK],,,,,,,,,,,,,,,,,,,
正,因,多,种,经营,[MASK],,,,,,,,,,,,,,,,,,
正,因,多,种,经营,迅猛,[MASK],,,,,,,,,,,,,,,,,
正,因,多,种,经营,迅猛,发展,[MASK],,,,,,,,,,,,,,,,
正,因,多,种,经营,迅猛,发展,才,[MASK],,,,,,,,,,,,,,,
正,因,多,种,经营,迅猛,发展,才,有,[MASK],,,,,,,,,,,,,,
正,因,多,种,经营,迅猛,发展,才,有,了,[MASK],,,,,,,,,,,,,
正,因,多,种,经营,迅猛,发展,才,有,了,乡镇,[MASK],,,,,,,,,,,,
正,因,多,种,经营,迅猛,发展,才,有,了,乡镇,企业,[MASK],,,,,,,,,,,
正,因,多,种,经营,迅猛,发展,才,有,了,乡镇,企业,的,[MASK],,,,,,,,,,
正,因,多,种,经营,迅猛,发展,才,有,了,乡镇,企业,的,异军突起,[MASK],,,,,,,,,
正,因,多,种,经营,迅猛,发展,才,有,了,乡镇,企业,的,异军突起,和,[MASK],,,,,,,,
正,因,多,种,经营,迅猛,发展,才,有,了,乡镇,企业,的,异军突起,和,社会,[MASK],,,,,,,
正,因,多,种,经营,迅猛,发展,才,有,了,乡镇,企业,的,异军突起,和,社会,经济,[MASK],,,,,,
正,因,多,种,经营,迅猛,发展,才,有,了,乡镇,企业,的,异军突起,和,社会,经济,事业,[MASK],,,,,
正,因,多,种,经营,迅猛,发展,才,有,了,乡镇,企业,的,异军突起,和,社会,经济,事业,的,[MASK],,,,
正,因,多,种,经营,迅猛,发展,才,有,了,乡镇,企业,的,异军突起,和,社会,经济,事业,的,全面,[MASK],,,
为,能,[MASK],,,,,,,,,,,,,,,,,,,,,
为,能,早日,[MASK],,,,,,,,,,,,,,,,,,,,
为,能,早日,出,[MASK],,,,,,,,,,,,,,,,,,,
为,能,早日,出,成果,[MASK],,,,,,,,,,,,,,,,,,
为,能,早日,出,成果,他们,[MASK],,,,,,,,,,,,,,,,,
为,能,早日,出,成果,他们,每天,[MASK],,,,,,,,,,,,,,,,
为,能,早日,出,成果,他们,每天,在,[MASK],,,,,,,,,,,,,,,
为,能,早日,出,成果,他们,每天,在,实验室,[MASK],,,,,,,,,,,,,,
为,能,早日,出,成果,他们,每天,在,实验室,努力,[MASK],,,,,,,,,,,,,
为,能,早日,出,成果,他们,每天,在,实验室,努力,地,[MASK],,,,,,,,,,,,
为,能,早日,出,成果,他们,每天,在,实验室,努力,地,工作,[MASK],,,,,,,,,,,
为,能,早日,出,成果,他们,每天,在,实验室,努力,地,工作,十,[MASK],,,,,,,,,,
为,能,早日,出,成果,他们,每天,在,实验室,努力,地,工作,十,多,[MASK],,,,,,,,,
为,能,早日,出,成果,他们,每天,在,实验室,努力,地,工作,十,多,个,[MASK],,,,,,,,
寻找,噩耗,[MASK],,,,,,,,,,,,,,,,,,,,,
寻找,噩耗,症结,[MASK],,,,,,,,,,,,,,,,,,,,
寻找,噩耗,症结,所在,[MASK],,,,,,,,,,,,,,,,,,,
寻找,噩耗,症结,所在,人们,[MASK],,,,,,,,,,,,,,,,,,
寻找,噩耗,症结,所在,人们,最后,[MASK],,,,,,,,,,,,,,,,,
寻找,噩耗,症结,所在,人们,最后,还是,[MASK],,,,,,,,,,,,,,,,
寻找,噩耗,症结,所在,人们,最后,还是,将,[MASK],,,,,,,,,,,,,,,
寻找,噩耗,症结,所在,人们,最后,还是,将,罪魁祸首,[MASK],,,,,,,,,,,,,,
寻找,噩耗,症结,所在,人们,最后,还是,将,罪魁祸首,锁定,[MASK],,,,,,,,,,,,,
寻找,噩耗,症结,所在,人们,最后,还是,将,罪魁祸首,锁定,在,[MASK],,,,,,,,,,,,
寻找,噩耗,症结,所在,人们,最后,还是,将,罪魁祸首,锁定,在,违禁,[MASK],,,,,,,,,,,
寻找,噩耗,症结,所在,人们,最后,还是,将,罪魁祸首,锁定,在,违禁,药物,[MASK],,,,,,,,,,
她们,骑,[MASK],,,,,,,,,,,,,,,,,,,,,
她们,骑,自行车,[MASK],,,,,,,,,,,,,,,,,,,,
她们,骑,自行车,从,[MASK],,,,,,,,,,,,,,,,,,,
她们,骑,自行车,从,二十,[MASK],,,,,,,,,,,,,,,,,,
她们,骑,自行车,从,二十,公里,[MASK],,,,,,,,,,,,,,,,,
她们,骑,自行车,从,二十,公里,外,[MASK],,,,,,,,,,,,,,,,
她们,骑,自行车,从,二十,公里,外,选购,[MASK],,,,,,,,,,,,,,,
她们,骑,自行车,从,二十,公里,外,选购,了,[MASK],,,,,,,,,,,,,,
她们,骑,自行车,从,二十,公里,外,选购,了,漂亮,[MASK],,,,,,,,,,,,,
她们,骑,自行车,从,二十,公里,外,选购,了,漂亮,的,[MASK],,,,,,,,,,,,
她们,骑,自行车,从,二十,公里,外,选购,了,漂亮,的,油漆,[MASK],,,,,,,,,,,
她们,骑,自行车,从,二十,公里,外,选购,了,漂亮,的,油漆,并,[MASK],,,,,,,,,,
她们,骑,自行车,从,二十,公里,外,选购,了,漂亮,的,油漆,并,自己,[MASK],,,,,,,,,
她们,骑,自行车,从,二十,公里,外,选购,了,漂亮,的,油漆,并,自己,动手,[MASK],,,,,,,,
她们,骑,自行车,从,二十,公里,外,选购,了,漂亮,的,油漆,并,自己,动手,粉刷,[MASK],,,,,,,
她们,骑,自行车,从,二十,公里,外,选购,了,漂亮,的,油漆,并,自己,动手,粉刷,墙壁,[MASK],,,,,,
她们,骑,自行车,从,二十,公里,外,选购,了,漂亮,的,油漆,并,自己,动手,粉刷,墙壁,和,[MASK],,,,,
悲剧,和,[MASK],,,,,,,,,,,,,,,,,,,,,
悲剧,和,喜剧,[MASK],,,,,,,,,,,,,,,,,,,,
悲剧,和,喜剧,交融,[MASK],,,,,,,,,,,,,,,,,,,
悲剧,和,喜剧,交融,在,[MASK],,,,,,,,,,,,,,,,,,
悲剧,和,喜剧,交融,在,一起,[MASK],,,,,,,,,,,,,,,,,
悲剧,和,喜剧,交融,在,一起,赋予,[MASK],,,,,,,,,,,,,,,,
悲剧,和,喜剧,交融,在,一起,赋予,了,[MASK],,,,,,,,,,,,,,,
悲剧,和,喜剧,交融,在,一起,赋予,了,作品,[MASK],,,,,,,,,,,,,,
悲剧,和,喜剧,交融,在,一起,赋予,了,作品,无与伦比,[MASK],,,,,,,,,,,,,
悲剧,和,喜剧,交融,在,一起,赋予,了,作品,无与伦比,的,[MASK],,,,,,,,,,,,
悲剧,和,喜剧,交融,在,一起,赋予,了,作品,无与伦比,的,艺术,[MASK],,,,,,,,,,,
对,经济,[MASK],,,,,,,,,,,,,,,,,,,,,
对,经济,增长,[MASK],,,,,,,,,,,,,,,,,,,,
对,经济,增长,和,[MASK],,,,,,,,,,,,,,,,,,,
对,经济,增长,和,就业,[MASK],,,,,,,,,,,,,,,,,,
对,经济,增长,和,就业,具有,[MASK],,,,,,,,,,,,,,,,,
对,经济,增长,和,就业,具有,显著,[MASK],,,,,,,,,,,,,,,,
对,经济,增长,和,就业,具有,显著,的,[MASK],,,,,,,,,,,,,,,
对,经济,增长,和,就业,具有,显著,的,影响,[MASK],,,,,,,,,,,,,,
对,经济,增长,和,就业,具有,显著,的,影响,的,[MASK],,,,,,,,,,,,,
对,经济,增长,和,就业,具有,显著,的,影响,的,服务业,[MASK],,,,,,,,,,,,
对,经济,增长,和,就业,具有,显著,的,影响,的,服务业,占,[MASK],,,,,,,,,,,
对,经济,增长,和,就业,具有,显著,的,影响,的,服务业,占,美国,[MASK],,,,,,,,,,
对,经济,增长,和,就业,具有,显著,的,影响,的,服务业,占,美国,经济,[MASK],,,,,,,,,
对,经济,增长,和,就业,具有,显著,的,影响,的,服务业,占,美国,经济,活动,[MASK],,,,,,,,
对,经济,增长,和,就业,具有,显著,的,影响,的,服务业,占,美国,经济,活动,的,[MASK],,,,,,,
对,经济,增长,和,就业,具有,显著,的,影响,的,服务业,占,美国,经济,活动,的,0.8,[MASK],,,,,,
那个,单位,[MASK],,,,,,,,,,,,,,,,,,,,,
那个,单位,里,[MASK],,,,,,,,,,,,,,,,,,,,
那个,单位,里,有,[MASK],,,,,,,,,,,,,,,,,,,
那个,单位,里,有,很多,[MASK],,,,,,,,,,,,,,,,,,
那个,单位,里,有,很多,资格,[MASK],,,,,,,,,,,,,,,,,
那个,单位,里,有,很多,资格,和,[MASK],,,,,,,,,,,,,,,,
那个,单位,里,有,很多,资格,和,地位,[MASK],,,,,,,,,,,,,,,
那个,单位,里,有,很多,资格,和,地位,跟,[MASK],,,,,,,,,,,,,,
那个,单位,里,有,很多,资格,和,地位,跟,他,[MASK],,,,,,,,,,,,,
那个,单位,里,有,很多,资格,和,地位,跟,他,不相上下,[MASK],,,,,,,,,,,,
那个,单位,里,有,很多,资格,和,地位,跟,他,不相上下,的,[MASK],,,,,,,,,,,
那个,单位,里,有,很多,资格,和,地位,跟,他,不相上下,的,老,[MASK],,,,,,,,,,
这,一刻,[MASK],,,,,,,,,,,,,,,,,,,,,
这,一刻,的,[MASK],,,,,,,,,,,,,,,,,,,,
这,一刻,的,休息,[MASK],,,,,,,,,,,,,,,,,,,
这,一刻,的,休息,我,[MASK],,,,,,,,,,,,,,,,,,
这,一刻,的,休息,我,觉得,[MASK],,,,,,,,,,,,,,,,,
这,一刻,的,休息,我,觉得,很,[MASK],,,,,,,,,,,,,,,,
这,一刻,的,休息,我,觉得,很,舒服,[MASK],,,,,,,,,,,,,,,
这,一刻,的,休息,我,觉得,很,舒服,遗憾,[MASK],,,,,,,,,,,,,,
这,一刻,的,休息,我,觉得,很,舒服,遗憾,的,[MASK],,,,,,,,,,,,,
这,一刻,的,休息,我,觉得,很,舒服,遗憾,的,是,[MASK],,,,,,,,,,,,
这,一刻,的,休息,我,觉得,很,舒服,遗憾,的,是,我们,[MASK],,,,,,,,,,,
这,一刻,的,休息,我,觉得,很,舒服,遗憾,的,是,我们,不能,[MASK],,,,,,,,,,
这,一刻,的,休息,我,觉得,很,舒服,遗憾,的,是,我们,不能,彼此,[MASK],,,,,,,,,
兄弟俩,带,[MASK],,,,,,,,,,,,,,,,,,,,,
兄弟俩,带,着,[MASK],,,,,,,,,,,,,,,,,,,,
兄弟俩,带,着,在,[MASK],,,,,,,,,,,,,,,,,,,
兄弟俩,带,着,在,战争,[MASK],,,,,,,,,,,,,,,,,,
兄弟俩,带,着,在,战争,炮火,[MASK],,,,,,,,,,,,,,,,,
兄弟俩,带,着,在,战争,炮火,中,[MASK],,,,,,,,,,,,,,,,
兄弟俩,带,着,在,战争,炮火,中,千辛万苦,[MASK],,,,,,,,,,,,,,,
兄弟俩,带,着,在,战争,炮火,中,千辛万苦,保存,[MASK],,,,,,,,,,,,,,
兄弟俩,带,着,在,战争,炮火,中,千辛万苦,保存,下来,[MASK],,,,,,,,,,,,,
兄弟俩,带,着,在,战争,炮火,中,千辛万苦,保存,下来,的,[MASK],,,,,,,,,,,,
兄弟俩,带,着,在,战争,炮火,中,千辛万苦,保存,下来,的,荷兰,[MASK],,,,,,,,,,,
兄弟俩,带,着,在,战争,炮火,中,千辛万苦,保存,下来,的,荷兰,奶牛,[MASK],,,,,,,,,,
兄弟俩,带,着,在,战争,炮火,中,千辛万苦,保存,下来,的,荷兰,奶牛,来到,[MASK],,,,,,,,,
兄弟俩,带,着,在,战争,炮火,中,千辛万苦,保存,下来,的,荷兰,奶牛,来到,陕北,[MASK],,,,,,,,
兄弟俩,带,着,在,战争,炮火,中,千辛万苦,保存,下来,的,荷兰,奶牛,来到,陕北,的,[MASK],,,,,,,
这些,规定,[MASK],,,,,,,,,,,,,,,,,,,,,
这些,规定,的,[MASK],,,,,,,,,,,,,,,,,,,,
这些,规定,的,目的,[MASK],,,,,,,,,,,,,,,,,,,
这些,规定,的,目的,就是,[MASK],,,,,,,,,,,,,,,,,,
这些,规定,的,目的,就是,让,[MASK],,,,,,,,,,,,,,,,,
这些,规定,的,目的,就是,让,好,[MASK],,,,,,,,,,,,,,,,
这些,规定,的,目的,就是,让,好,的,[MASK],,,,,,,,,,,,,,,
这些,规定,的,目的,就是,让,好,的,产品,[MASK],,,,,,,,,,,,,,
这些,规定,的,目的,就是,让,好,的,产品,能够,[MASK],,,,,,,,,,,,,
这些,规定,的,目的,就是,让,好,的,产品,能够,畅销,[MASK],,,,,,,,,,,,
这些,规定,的,目的,就是,让,好,的,产品,能够,畅销,并,[MASK],,,,,,,,,,,
这些,规定,的,目的,就是,让,好,的,产品,能够,畅销,并,受到,[MASK],,,,,,,,,,
这些,规定,的,目的,就是,让,好,的,产品,能够,畅销,并,受到,市场,[MASK],,,,,,,,,
英国人,卡文迪许,[MASK],,,,,,,,,,,,,,,,,,,,,
英国人,卡文迪许,是,[MASK],,,,,,,,,,,,,,,,,,,,
英国人,卡文迪许,是,有史以来,[MASK],,,,,,,,,,,,,,,,,,,
英国人,卡文迪许,是,有史以来,最,[MASK],,,,,,,,,,,,,,,,,,
英国人,卡文迪许,是,有史以来,最,伟大,[MASK],,,,,,,,,,,,,,,,,
英国人,卡文迪许,是,有史以来,最,伟大,的,[MASK],,,,,,,,,,,,,,,,
英国人,卡文迪许,是,有史以来,最,伟大,的,实验,[MASK],,,,,,,,,,,,,,,
英国人,卡文迪许,是,有史以来,最,伟大,的,实验,科学家,[MASK],,,,,,,,,,,,,,
也许,在,[MASK],,,,,,,,,,,,,,,,,,,,,
也许,在,有,[MASK],,,,,,,,,,,,,,,,,,,,
也许,在,有,人,[MASK],,,,,,,,,,,,,,,,,,,
也许,在,有,人,看来,[MASK],,,,,,,,,,,,,,,,,,
也许,在,有,人,看来,这,[MASK],,,,,,,,,,,,,,,,,
也许,在,有,人,看来,这,不过,[MASK],,,,,,,,,,,,,,,,
也许,在,有,人,看来,这,不过,是,[MASK],,,,,,,,,,,,,,,
也许,在,有,人,看来,这,不过,是,个,[MASK],,,,,,,,,,,,,,
也许,在,有,人,看来,这,不过,是,个,不,[MASK],,,,,,,,,,,,,
也许,在,有,人,看来,这,不过,是,个,不,值得,[MASK],,,,,,,,,,,,
也许,在,有,人,看来,这,不过,是,个,不,值得,考虑,[MASK],,,,,,,,,,,
也许,在,有,人,看来,这,不过,是,个,不,值得,考虑,的,[MASK],,,,,,,,,,
也许,在,有,人,看来,这,不过,是,个,不,值得,考虑,的,次要,[MASK],,,,,,,,,
也许,在,有,人,看来,这,不过,是,个,不,值得,考虑,的,次要,问题,[MASK],,,,,,,,
也许,在,有,人,看来,这,不过,是,个,不,值得,考虑,的,次要,问题,但,[MASK],,,,,,,
也许,在,有,人,看来,这,不过,是,个,不,值得,考虑,的,次要,问题,但,事实,[MASK],,,,,,
也许,在,有,人,看来,这,不过,是,个,不,值得,考虑,的,次要,问题,但,事实,是,[MASK],,,,,
也许,在,有,人,看来,这,不过,是,个,不,值得,考虑,的,次要,问题,但,事实,是,它,[MASK],,,,
目前,这些,[MASK],,,,,,,,,,,,,,,,,,,,,
目前,这些,经纪人,[MASK],,,,,,,,,,,,,,,,,,,,
目前,这些,经纪人,都,[MASK],,,,,,,,,,,,,,,,,,,
目前,这些,经纪人,都,来自,[MASK],,,,,,,,,,,,,,,,,,
目前,这些,经纪人,都,来自,华尔街,[MASK],,,,,,,,,,,,,,,,,
目前,这些,经纪人,都,来自,华尔街,上,[MASK],,,,,,,,,,,,,,,,
目前,这些,经纪人,都,来自,华尔街,上,呼风唤雨,[MASK],,,,,,,,,,,,,,,
目前,这些,经纪人,都,来自,华尔街,上,呼风唤雨,的,[MASK],,,,,,,,,,,,,,
目前,这些,经纪人,都,来自,华尔街,上,呼风唤雨,的,顶级,[MASK],,,,,,,,,,,,,
目前,这些,经纪人,都,来自,华尔街,上,呼风唤雨,的,顶级,投资,[MASK],,,,,,,,,,,,
目前,这些,经纪人,都,来自,华尔街,上,呼风唤雨,的,顶级,投资,银行,[MASK],,,,,,,,,,,
目前,这些,经纪人,都,来自,华尔街,上,呼风唤雨,的,顶级,投资,银行,和,[MASK],,,,,,,,,,
目前,这些,经纪人,都,来自,华尔街,上,呼风唤雨,的,顶级,投资,银行,和,金融,[MASK],,,,,,,,,
此次,俄罗斯,[MASK],,,,,,,,,,,,,,,,,,,,,
此次,俄罗斯,方面,[MASK],,,,,,,,,,,,,,,,,,,,
此次,俄罗斯,方面,将,[MASK],,,,,,,,,,,,,,,,,,,
此次,俄罗斯,方面,将,派出,[MASK],,,,,,,,,,,,,,,,,,
此次,俄罗斯,方面,将,派出,12,[MASK],,,,,,,,,,,,,,,,,
此次,俄罗斯,方面,将,派出,12,匹,[MASK],,,,,,,,,,,,,,,,
此次,俄罗斯,方面,将,派出,12,匹,良驹,[MASK],,,,,,,,,,,,,,,
此次,俄罗斯,方面,将,派出,12,匹,良驹,参赛,[MASK],,,,,,,,,,,,,,
此次,俄罗斯,方面,将,派出,12,匹,良驹,参赛,门票,[MASK],,,,,,,,,,,,,
此次,俄罗斯,方面,将,派出,12,匹,良驹,参赛,门票,起价,[MASK],,,,,,,,,,,,
此次,俄罗斯,方面,将,派出,12,匹,良驹,参赛,门票,起价,为,[MASK],,,,,,,,,,,
此次,俄罗斯,方面,将,派出,12,匹,良驹,参赛,门票,起价,为,1800,[MASK],,,,,,,,,,
他们,拍摄,[MASK],,,,,,,,,,,,,,,,,,,,,
他们,拍摄,的,[MASK],,,,,,,,,,,,,,,,,,,,
他们,拍摄,的,是,[MASK],,,,,,,,,,,,,,,,,,,
他们,拍摄,的,是,诸如,[MASK],,,,,,,,,,,,,,,,,,
他们,拍摄,的,是,诸如,博物馆,[MASK],,,,,,,,,,,,,,,,,
他们,拍摄,的,是,诸如,博物馆,等,[MASK],,,,,,,,,,,,,,,,
他们,拍摄,的,是,诸如,博物馆,等,众所周知,[MASK],,,,,,,,,,,,,,,
他们,拍摄,的,是,诸如,博物馆,等,众所周知,的,[MASK],,,,,,,,,,,,,,
他们,拍摄,的,是,诸如,博物馆,等,众所周知,的,旅游,[MASK],,,,,,,,,,,,,
他们,拍摄,的,是,诸如,博物馆,等,众所周知,的,旅游,景点,[MASK],,,,,,,,,,,,
他们,拍摄,的,是,诸如,博物馆,等,众所周知,的,旅游,景点,根本,[MASK],,,,,,,,,,,
他们,拍摄,的,是,诸如,博物馆,等,众所周知,的,旅游,景点,根本,不,[MASK],,,,,,,,,,
他们,拍摄,的,是,诸如,博物馆,等,众所周知,的,旅游,景点,根本,不,是,[MASK],,,,,,,,,
他们,拍摄,的,是,诸如,博物馆,等,众所周知,的,旅游,景点,根本,不,是,敏感,[MASK],,,,,,,,
中国,有,[MASK],,,,,,,,,,,,,,,,,,,,,
中国,有,令人,[MASK],,,,,,,,,,,,,,,,,,,,
中国,有,令人,自豪,[MASK],,,,,,,,,,,,,,,,,,,
中国,有,令人,自豪,的,[MASK],,,,,,,,,,,,,,,,,,
中国,有,令人,自豪,的,历史,[MASK],,,,,,,,,,,,,,,,,
中国,有,令人,自豪,的,历史,文化,[MASK],,,,,,,,,,,,,,,,
中国,有,令人,自豪,的,历史,文化,也,[MASK],,,,,,,,,,,,,,,
中国,有,令人,自豪,的,历史,文化,也,有,[MASK],,,,,,,,,,,,,,
中国,有,令人,自豪,的,历史,文化,也,有,足以,[MASK],,,,,,,,,,,,,
中国,有,令人,自豪,的,历史,文化,也,有,足以,让,[MASK],,,,,,,,,,,,
中国,有,令人,自豪,的,历史,文化,也,有,足以,让,当今,[MASK],,,,,,,,,,,
中国,有,令人,自豪,的,历史,文化,也,有,足以,让,当今,世界,[MASK],,,,,,,,,,
中国,有,令人,自豪,的,历史,文化,也,有,足以,让,当今,世界,震惊,[MASK],,,,,,,,,
中国,有,令人,自豪,的,历史,文化,也,有,足以,让,当今,世界,震惊,的,[MASK],,,,,,,,
中国,有,令人,自豪,的,历史,文化,也,有,足以,让,当今,世界,震惊,的,经济,[MASK],,,,,,,
中国,有,令人,自豪,的,历史,文化,也,有,足以,让,当今,世界,震惊,的,经济,发展,[MASK],,,,,,
这,篇,[MASK],,,,,,,,,,,,,,,,,,,,,
这,篇,小说,[MASK],,,,,,,,,,,,,,,,,,,,
这,篇,小说,抛弃,[MASK],,,,,,,,,,,,,,,,,,,
这,篇,小说,抛弃,了,[MASK],,,,,,,,,,,,,,,,,,
这,篇,小说,抛弃,了,非常,[MASK],,,,,,,,,,,,,,,,,
这,篇,小说,抛弃,了,非常,关键,[MASK],,,,,,,,,,,,,,,,
这,篇,小说,抛弃,了,非常,关键,的,[MASK],,,,,,,,,,,,,,,
这,篇,小说,抛弃,了,非常,关键,的,要素,[MASK],,,,,,,,,,,,,,
这,篇,小说,抛弃,了,非常,关键,的,要素,只是,[MASK],,,,,,,,,,,,,
这,篇,小说,抛弃,了,非常,关键,的,要素,只是,本末倒置,[MASK],,,,,,,,,,,,
这,篇,小说,抛弃,了,非常,关键,的,要素,只是,本末倒置,地,[MASK],,,,,,,,,,,
这,篇,小说,抛弃,了,非常,关键,的,要素,只是,本末倒置,地,去,[MASK],,,,,,,,,,
这,篇,小说,抛弃,了,非常,关键,的,要素,只是,本末倒置,地,去,追求,[MASK],,,,,,,,,
这,篇,小说,抛弃,了,非常,关键,的,要素,只是,本末倒置,地,去,追求,情节,[MASK],,,,,,,,
这,篇,小说,抛弃,了,非常,关键,的,要素,只是,本末倒置,地,去,追求,情节,的,[MASK],,,,,,,
这,篇,小说,抛弃,了,非常,关键,的,要素,只是,本末倒置,地,去,追求,情节,的,紧张,[MASK],,,,,,
虽然,满天星,[MASK],,,,,,,,,,,,,,,,,,,,,
虽然,满天星,掀起,[MASK],,,,,,,,,,,,,,,,,,,,
虽然,满天星,掀起,的,[MASK],,,,,,,,,,,,,,,,,,,
虽然,满天星,掀起,的,风波,[MASK],,,,,,,,,,,,,,,,,,
虽然,满天星,掀起,的,风波,还,[MASK],,,,,,,,,,,,,,,,,
虽然,满天星,掀起,的,风波,还,没有,[MASK],,,,,,,,,,,,,,,,
虽然,满天星,掀起,的,风波,还,没有,平息,[MASK],,,,,,,,,,,,,,,
虽然,满天星,掀起,的,风波,还,没有,平息,但,[MASK],,,,,,,,,,,,,,
虽然,满天星,掀起,的,风波,还,没有,平息,但,它,[MASK],,,,,,,,,,,,,
虽然,满天星,掀起,的,风波,还,没有,平息,但,它,给,[MASK],,,,,,,,,,,,
虽然,满天星,掀起,的,风波,还,没有,平息,但,它,给,人们,[MASK],,,,,,,,,,,
虽然,满天星,掀起,的,风波,还,没有,平息,但,它,给,人们,留下,[MASK],,,,,,,,,,
虽然,满天星,掀起,的,风波,还,没有,平息,但,它,给,人们,留下,了,[MASK],,,,,,,,,
虽然,满天星,掀起,的,风波,还,没有,平息,但,它,给,人们,留下,了,许多,[MASK],,,,,,,,
虽然,满天星,掀起,的,风波,还,没有,平息,但,它,给,人们,留下,了,许多,有益,[MASK],,,,,,,
虽然,满天星,掀起,的,风波,还,没有,平息,但,它,给,人们,留下,了,许多,有益,的,[MASK],,,,,,
有,家,[MASK],,,,,,,,,,,,,,,,,,,,,
有,家,私立,[MASK],,,,,,,,,,,,,,,,,,,,
有,家,私立,诊所,[MASK],,,,,,,,,,,,,,,,,,,
有,家,私立,诊所,一夜之间,[MASK],,,,,,,,,,,,,,,,,,
有,家,私立,诊所,一夜之间,便,[MASK],,,,,,,,,,,,,,,,,
有,家,私立,诊所,一夜之间,便,改头换面,[MASK],,,,,,,,,,,,,,,,
有,家,私立,诊所,一夜之间,便,改头换面,成,[MASK],,,,,,,,,,,,,,,
有,家,私立,诊所,一夜之间,便,改头换面,成,了,[MASK],,,,,,,,,,,,,,
有,家,私立,诊所,一夜之间,便,改头换面,成,了,宠物,[MASK],,,,,,,,,,,,,
有,家,私立,诊所,一夜之间,便,改头换面,成,了,宠物,医院,[MASK],,,,,,,,,,,,
有,家,私立,诊所,一夜之间,便,改头换面,成,了,宠物,医院,患者,[MASK],,,,,,,,,,,
联盟,汇集,[MASK],,,,,,,,,,,,,,,,,,,,,
联盟,汇集,了,[MASK],,,,,,,,,,,,,,,,,,,,
联盟,汇集,了,台湾,[MASK],,,,,,,,,,,,,,,,,,,
联盟,汇集,了,台湾,著名,[MASK],,,,,,,,,,,,,,,,,,
联盟,汇集,了,台湾,著名,的,[MASK],,,,,,,,,,,,,,,,,
联盟,汇集,了,台湾,著名,的,女性,[MASK],,,,,,,,,,,,,,,,
联盟,汇集,了,台湾,著名,的,女性,专才,[MASK],,,,,,,,,,,,,,,
联盟,汇集,了,台湾,著名,的,女性,专才,成员,[MASK],,,,,,,,,,,,,,
联盟,汇集,了,台湾,著名,的,女性,专才,成员,以,[MASK],,,,,,,,,,,,,
联盟,汇集,了,台湾,著名,的,女性,专才,成员,以,企业家,[MASK],,,,,,,,,,,,
改革,开放,[MASK],,,,,,,,,,,,,,,,,,,,,
改革,开放,后,[MASK],,,,,,,,,,,,,,,,,,,,
改革,开放,后,不久,[MASK],,,,,,,,,,,,,,,,,,,
改革,开放,后,不久,中国,[MASK],,,,,,,,,,,,,,,,,,
改革,开放,后,不久,中国,人民,[MASK],,,,,,,,,,,,,,,,,
改革,开放,后,不久,中国,人民,与生俱来,[MASK],,,,,,,,,,,,,,,,
改革,开放,后,不久,中国,人民,与生俱来,的,[MASK],,,,,,,,,,,,,,,
改革,开放,后,不久,中国,人民,与生俱来,的,勤劳,[MASK],,,,,,,,,,,,,,
改革,开放,后,不久,中国,人民,与生俱来,的,勤劳,和,[MASK],,,,,,,,,,,,,
改革,开放,后,不久,中国,人民,与生俱来,的,勤劳,和,智慧,[MASK],,,,,,,,,,,,
改革,开放,后,不久,中国,人民,与生俱来,的,勤劳,和,智慧,很快,[MASK],,,,,,,,,,,
改革,开放,后,不久,中国,人民,与生俱来,的,勤劳,和,智慧,很快,使,[MASK],,,,,,,,,,
改革,开放,后,不久,中国,人民,与生俱来,的,勤劳,和,智慧,很快,使,我国,[MASK],,,,,,,,,
改革,开放,后,不久,中国,人民,与生俱来,的,勤劳,和,智慧,很快,使,我国,的,[MASK],,,,,,,,
改革,开放,后,不久,中国,人民,与生俱来,的,勤劳,和,智慧,很快,使,我国,的,经济,[MASK],,,,,,,
